casa,id_ext,fase_global,local,data_inicio,data_fim,local_casa,pulou
camara,2192263,Pré-Construção,,NA,NA,camara,FALSE
camara,2192263,Construção,Comissões,NA,NA,camara,FALSE
camara,2192263,Construção,Plenário,NA,NA,camara,FALSE
camara,2192263,Pré-Revisão I,,NA,NA,camara,FALSE
camara,2192263,Revisão I,Comissões,NA,NA,camara,FALSE
camara,2192263,Revisão I,Plenário,NA,NA,camara,FALSE
camara,2192263,Pré-Revisão II,,NA,NA,camara,FALSE
camara,2192263,Revisão II,Comissões,NA,NA,camara,FALSE
camara,2192263,Revisão II,Plenário,NA,NA,camara,FALSE
camara,2192263,Sanção/Veto,Presidência da República,NA,NA,presidência da república,FALSE
camara,2192263,Avaliação dos Vetos,Congresso,NA,NA,congresso,FALSE
camara,2193076,Pré-Construção,,NA,NA,camara,FALSE
camara,2193076,Construção,Comissões,NA,NA,camara,FALSE
camara,2193076,Construção,Plenário,NA,NA,camara,FALSE
camara,2193076,Pré-Revisão I,,NA,NA,camara,FALSE
camara,2193076,Revisão I,Comissões,NA,NA,camara,FALSE
camara,2193076,Revisão I,Plenário,NA,NA,camara,FALSE
camara,2193076,Pré-Revisão II,,NA,NA,camara,FALSE
camara,2193076,Revisão II,Comissões,NA,NA,camara,FALSE
camara,2193076,Revisão II,Plenário,NA,NA,camara,FALSE
camara,2193076,Sanção/Veto,Presidência da República,NA,NA,presidência da república,FALSE
camara,2193076,Avaliação dos Vetos,Congresso,NA,NA,congresso,FALSE
camara,2194820,Pré-Construção,,NA,NA,camara,FALSE
camara,2194820,Construção,Comissões,NA,NA,camara,FALSE
camara,2194820,Construção,Plenário,NA,NA,camara,FALSE
camara,2194820,Pré-Revisão I,,NA,NA,camara,FALSE
camara,2194820,Revisão I,Comissões,NA,NA,camara,FALSE
camara,2194820,Revisão I,Plenário,NA,NA,camara,FALSE
camara,2194820,Pré-Revisão II,,NA,NA,camara,FALSE
camara,2194820,Revisão II,Comissões,NA,NA,camara,FALSE
camara,2194820,Revisão II,Plenário,NA,NA,camara,FALSE
camara,2194820,Sanção/Veto,Presidência da República,NA,NA,presidência da república,FALSE
camara,2194820,Avaliação dos Vetos,Congresso,NA,NA,congresso,FALSE
camara,2197956,Pré-Construção,,NA,NA,camara,FALSE
camara,2197956,Construção,Comissões,NA,NA,camara,FALSE
camara,2197956,Construção,Plenário,NA,NA,camara,FALSE
camara,2197956,Pré-Revisão I,,NA,NA,camara,FALSE
camara,2197956,Revisão I,Comissões,NA,NA,camara,FALSE
camara,2197956,Revisão I,Plenário,NA,NA,camara,FALSE
camara,2197956,Pré-Revisão II,,NA,NA,camara,FALSE
camara,2197956,Revisão II,Comissões,NA,NA,camara,FALSE
camara,2197956,Revisão II,Plenário,NA,NA,camara,FALSE
camara,2197956,Sanção/Veto,Presidência da República,NA,NA,presidência da república,FALSE
camara,2197956,Avaliação dos Vetos,Congresso,NA,NA,congresso,FALSE
camara,2198142,Pré-Construção,,NA,NA,camara,FALSE
camara,2198142,Construção,Comissões,NA,NA,camara,FALSE
camara,2198142,Construção,Plenário,NA,NA,camara,FALSE
camara,2198142,Pré-Revisão I,,NA,NA,camara,FALSE
camara,2198142,Revisão I,Comissões,NA,NA,camara,FALSE
camara,2198142,Revisão I,Plenário,NA,NA,camara,FALSE
camara,2198142,Pré-Revisão II,,NA,NA,camara,FALSE
camara,2198142,Revisão II,Comissões,NA,NA,camara,FALSE
camara,2198142,Revisão II,Plenário,NA,NA,camara,FALSE
camara,2198142,Sanção/Veto,Presidência da República,NA,NA,presidência da república,FALSE
camara,2198142,Avaliação dos Vetos,Congresso,NA,NA,congresso,FALSE
camara,2198168,Pré-Construção,,NA,NA,camara,FALSE
camara,2198168,Construção,Comissões,NA,NA,camara,FALSE
camara,2198168,Construção,Plenário,NA,NA,camara,FALSE
camara,2198168,Pré-Revisão I,,NA,NA,camara,FALSE
camara,2198168,Revisão I,Comissões,NA,NA,camara,FALSE
camara,2198168,Revisão I,Plenário,NA,NA,camara,FALSE
camara,2198168,Pré-Revisão II,,NA,NA,camara,FALSE
camara,2198168,Revisão II,Comissões,NA,NA,camara,FALSE
camara,2198168,Revisão II,Plenário,NA,NA,camara,FALSE
camara,2198168,Sanção/Veto,Presidência da República,NA,NA,presidência da república,FALSE
camara,2198168,Avaliação dos Vetos,Congresso,NA,NA,congresso,FALSE
camara,2198087,Pré-Construção,,NA,NA,camara,FALSE
camara,2198087,Construção,Comissões,NA,NA,camara,FALSE
camara,2198087,Construção,Plenário,NA,NA,camara,FALSE
camara,2198087,Pré-Revisão I,,NA,NA,camara,FALSE
camara,2198087,Revisão I,Comissões,NA,NA,camara,FALSE
camara,2198087,Revisão I,Plenário,NA,NA,camara,FALSE
camara,2198087,Pré-Revisão II,,NA,NA,camara,FALSE
camara,2198087,Revisão II,Comissões,NA,NA,camara,FALSE
camara,2198087,Revisão II,Plenário,NA,NA,camara,FALSE
camara,2198087,Sanção/Veto,Presidência da República,NA,NA,presidência da república,FALSE
camara,2198087,Avaliação dos Vetos,Congresso,NA,NA,congresso,FALSE
camara,2197974,Pré-Construção,,NA,NA,camara,FALSE
camara,2197974,Construção,Comissões,NA,NA,camara,FALSE
camara,2197974,Construção,Plenário,NA,NA,camara,FALSE
camara,2197974,Pré-Revisão I,,NA,NA,camara,FALSE
camara,2197974,Revisão I,Comissões,NA,NA,camara,FALSE
camara,2197974,Revisão I,Plenário,NA,NA,camara,FALSE
camara,2197974,Pré-Revisão II,,NA,NA,camara,FALSE
camara,2197974,Revisão II,Comissões,NA,NA,camara,FALSE
camara,2197974,Revisão II,Plenário,NA,NA,camara,FALSE
camara,2197974,Sanção/Veto,Presidência da República,NA,NA,presidência da república,FALSE
camara,2197974,Avaliação dos Vetos,Congresso,NA,NA,congresso,FALSE
camara,2198338,Pré-Construção,,NA,NA,camara,FALSE
camara,2198338,Construção,Comissões,NA,NA,camara,FALSE
camara,2198338,Construção,Plenário,NA,NA,camara,FALSE
camara,2198338,Pré-Revisão I,,NA,NA,camara,FALSE
camara,2198338,Revisão I,Comissões,NA,NA,camara,FALSE
camara,2198338,Revisão I,Plenário,NA,NA,camara,FALSE
camara,2198338,Pré-Revisão II,,NA,NA,camara,FALSE
camara,2198338,Revisão II,Comissões,NA,NA,camara,FALSE
camara,2198338,Revisão II,Plenário,NA,NA,camara,FALSE
camara,2198338,Sanção/Veto,Presidência da República,NA,NA,presidência da república,FALSE
camara,2198338,Avaliação dos Vetos,Congresso,NA,NA,congresso,FALSE
camara,2203903,Pré-Construção,,NA,NA,camara,FALSE
camara,2203903,Construção,Comissões,NA,NA,camara,FALSE
camara,2203903,Construção,Plenário,NA,NA,camara,FALSE
camara,2203903,Pré-Revisão I,,NA,NA,camara,FALSE
camara,2203903,Revisão I,Comissões,NA,NA,camara,FALSE
camara,2203903,Revisão I,Plenário,NA,NA,camara,FALSE
camara,2203903,Pré-Revisão II,,NA,NA,camara,FALSE
camara,2203903,Revisão II,Comissões,NA,NA,camara,FALSE
camara,2203903,Revisão II,Plenário,NA,NA,camara,FALSE
camara,2203903,Sanção/Veto,Presidência da República,NA,NA,presidência da república,FALSE
camara,2203903,Avaliação dos Vetos,Congresso,NA,NA,congresso,FALSE
camara,2204041,Pré-Construção,,NA,NA,camara,FALSE
camara,2204041,Construção,Comissões,NA,NA,camara,FALSE
camara,2204041,Construção,Plenário,NA,NA,camara,FALSE
camara,2204041,Pré-Revisão I,,NA,NA,camara,FALSE
camara,2204041,Revisão I,Comissões,NA,NA,camara,FALSE
camara,2204041,Revisão I,Plenário,NA,NA,camara,FALSE
camara,2204041,Pré-Revisão II,,NA,NA,camara,FALSE
camara,2204041,Revisão II,Comissões,NA,NA,camara,FALSE
camara,2204041,Revisão II,Plenário,NA,NA,camara,FALSE
camara,2204041,Sanção/Veto,Presidência da República,NA,NA,presidência da república,FALSE
camara,2204041,Avaliação dos Vetos,Congresso,NA,NA,congresso,FALSE
camara,2204564,Pré-Construção,,NA,NA,camara,FALSE
camara,2204564,Construção,Comissões,NA,NA,camara,FALSE
camara,2204564,Construção,Plenário,NA,NA,camara,FALSE
camara,2204564,Pré-Revisão I,,NA,NA,camara,FALSE
camara,2204564,Revisão I,Comissões,NA,NA,camara,FALSE
camara,2204564,Revisão I,Plenário,NA,NA,camara,FALSE
camara,2204564,Pré-Revisão II,,NA,NA,camara,FALSE
camara,2204564,Revisão II,Comissões,NA,NA,camara,FALSE
camara,2204564,Revisão II,Plenário,NA,NA,camara,FALSE
camara,2204564,Sanção/Veto,Presidência da República,NA,NA,presidência da república,FALSE
camara,2204564,Avaliação dos Vetos,Congresso,NA,NA,congresso,FALSE
camara,2205527,Pré-Construção,,NA,NA,camara,FALSE
camara,2205527,Construção,Comissões,NA,NA,camara,FALSE
camara,2205527,Construção,Plenário,NA,NA,camara,FALSE
camara,2205527,Pré-Revisão I,,NA,NA,camara,FALSE
camara,2205527,Revisão I,Comissões,NA,NA,camara,FALSE
camara,2205527,Revisão I,Plenário,NA,NA,camara,FALSE
camara,2205527,Pré-Revisão II,,NA,NA,camara,FALSE
camara,2205527,Revisão II,Comissões,NA,NA,camara,FALSE
camara,2205527,Revisão II,Plenário,NA,NA,camara,FALSE
camara,2205527,Sanção/Veto,Presidência da República,NA,NA,presidência da república,FALSE
camara,2205527,Avaliação dos Vetos,Congresso,NA,NA,congresso,FALSE
camara,2205541,Pré-Construção,,NA,NA,camara,FALSE
camara,2205541,Construção,Comissões,NA,NA,camara,FALSE
camara,2205541,Construção,Plenário,NA,NA,camara,FALSE
camara,2205541,Pré-Revisão I,,NA,NA,camara,FALSE
camara,2205541,Revisão I,Comissões,NA,NA,camara,FALSE
camara,2205541,Revisão I,Plenário,NA,NA,camara,FALSE
camara,2205541,Pré-Revisão II,,NA,NA,camara,FALSE
camara,2205541,Revisão II,Comissões,NA,NA,camara,FALSE
camara,2205541,Revisão II,Plenário,NA,NA,camara,FALSE
camara,2205541,Sanção/Veto,Presidência da República,NA,NA,presidência da república,FALSE
camara,2205541,Avaliação dos Vetos,Congresso,NA,NA,congresso,FALSE
camara,2205479,Pré-Construção,,NA,NA,camara,FALSE
camara,2205479,Construção,Comissões,NA,NA,camara,FALSE
camara,2205479,Construção,Plenário,NA,NA,camara,FALSE
camara,2205479,Pré-Revisão I,,NA,NA,camara,FALSE
camara,2205479,Revisão I,Comissões,NA,NA,camara,FALSE
camara,2205479,Revisão I,Plenário,NA,NA,camara,FALSE
camara,2205479,Pré-Revisão II,,NA,NA,camara,FALSE
camara,2205479,Revisão II,Comissões,NA,NA,camara,FALSE
camara,2205479,Revisão II,Plenário,NA,NA,camara,FALSE
camara,2205479,Sanção/Veto,Presidência da República,NA,NA,presidência da república,FALSE
camara,2205479,Avaliação dos Vetos,Congresso,NA,NA,congresso,FALSE
camara,2205373,Pré-Construção,,NA,NA,camara,FALSE
camara,2205373,Construção,Comissões,NA,NA,camara,FALSE
camara,2205373,Construção,Plenário,NA,NA,camara,FALSE
camara,2205373,Pré-Revisão I,,NA,NA,camara,FALSE
camara,2205373,Revisão I,Comissões,NA,NA,camara,FALSE
camara,2205373,Revisão I,Plenário,NA,NA,camara,FALSE
camara,2205373,Pré-Revisão II,,NA,NA,camara,FALSE
camara,2205373,Revisão II,Comissões,NA,NA,camara,FALSE
camara,2205373,Revisão II,Plenário,NA,NA,camara,FALSE
camara,2205373,Sanção/Veto,Presidência da República,NA,NA,presidência da república,FALSE
camara,2205373,Avaliação dos Vetos,Congresso,NA,NA,congresso,FALSE
camara,2205388,Pré-Construção,,NA,NA,camara,FALSE
camara,2205388,Construção,Comissões,NA,NA,camara,FALSE
camara,2205388,Construção,Plenário,NA,NA,camara,FALSE
camara,2205388,Pré-Revisão I,,NA,NA,camara,FALSE
camara,2205388,Revisão I,Comissões,NA,NA,camara,FALSE
camara,2205388,Revisão I,Plenário,NA,NA,camara,FALSE
camara,2205388,Pré-Revisão II,,NA,NA,camara,FALSE
camara,2205388,Revisão II,Comissões,NA,NA,camara,FALSE
camara,2205388,Revisão II,Plenário,NA,NA,camara,FALSE
camara,2205388,Sanção/Veto,Presidência da República,NA,NA,presidência da república,FALSE
camara,2205388,Avaliação dos Vetos,Congresso,NA,NA,congresso,FALSE
camara,2205833,Pré-Construção,,NA,NA,camara,FALSE
camara,2205833,Construção,Comissões,NA,NA,camara,FALSE
camara,2205833,Construção,Plenário,NA,NA,camara,FALSE
camara,2205833,Pré-Revisão I,,NA,NA,camara,FALSE
camara,2205833,Revisão I,Comissões,NA,NA,camara,FALSE
camara,2205833,Revisão I,Plenário,NA,NA,camara,FALSE
camara,2205833,Pré-Revisão II,,NA,NA,camara,FALSE
camara,2205833,Revisão II,Comissões,NA,NA,camara,FALSE
camara,2205833,Revisão II,Plenário,NA,NA,camara,FALSE
camara,2205833,Sanção/Veto,Presidência da República,NA,NA,presidência da república,FALSE
camara,2205833,Avaliação dos Vetos,Congresso,NA,NA,congresso,FALSE
camara,2205754,Pré-Construção,,NA,NA,camara,FALSE
camara,2205754,Construção,Comissões,NA,NA,camara,FALSE
camara,2205754,Construção,Plenário,NA,NA,camara,FALSE
camara,2205754,Pré-Revisão I,,NA,NA,camara,FALSE
camara,2205754,Revisão I,Comissões,NA,NA,camara,FALSE
camara,2205754,Revisão I,Plenário,NA,NA,camara,FALSE
camara,2205754,Pré-Revisão II,,NA,NA,camara,FALSE
camara,2205754,Revisão II,Comissões,NA,NA,camara,FALSE
camara,2205754,Revisão II,Plenário,NA,NA,camara,FALSE
camara,2205754,Sanção/Veto,Presidência da República,NA,NA,presidência da república,FALSE
camara,2205754,Avaliação dos Vetos,Congresso,NA,NA,congresso,FALSE
camara,2206105,Pré-Construção,,NA,NA,camara,FALSE
camara,2206105,Construção,Comissões,NA,NA,camara,FALSE
camara,2206105,Construção,Plenário,NA,NA,camara,FALSE
camara,2206105,Pré-Revisão I,,NA,NA,camara,FALSE
camara,2206105,Revisão I,Comissões,NA,NA,camara,FALSE
camara,2206105,Revisão I,Plenário,NA,NA,camara,FALSE
camara,2206105,Pré-Revisão II,,NA,NA,camara,FALSE
camara,2206105,Revisão II,Comissões,NA,NA,camara,FALSE
camara,2206105,Revisão II,Plenário,NA,NA,camara,FALSE
camara,2206105,Sanção/Veto,Presidência da República,NA,NA,presidência da república,FALSE
camara,2206105,Avaliação dos Vetos,Congresso,NA,NA,congresso,FALSE
camara,2218177,Pré-Construção,,NA,NA,camara,FALSE
camara,2218177,Construção,Comissões,NA,NA,camara,FALSE
camara,2218177,Construção,Plenário,NA,NA,camara,FALSE
camara,2218177,Pré-Revisão I,,NA,NA,camara,FALSE
camara,2218177,Revisão I,Comissões,NA,NA,camara,FALSE
camara,2218177,Revisão I,Plenário,NA,NA,camara,FALSE
camara,2218177,Pré-Revisão II,,NA,NA,camara,FALSE
camara,2218177,Revisão II,Comissões,NA,NA,camara,FALSE
camara,2218177,Revisão II,Plenário,NA,NA,camara,FALSE
camara,2218177,Sanção/Veto,Presidência da República,NA,NA,presidência da república,FALSE
camara,2218177,Avaliação dos Vetos,Congresso,NA,NA,congresso,FALSE
camara,2218243,Pré-Construção,,NA,NA,camara,FALSE
camara,2218243,Construção,Comissões,NA,NA,camara,FALSE
camara,2218243,Construção,Plenário,NA,NA,camara,FALSE
camara,2218243,Pré-Revisão I,,NA,NA,camara,FALSE
camara,2218243,Revisão I,Comissões,NA,NA,camara,FALSE
camara,2218243,Revisão I,Plenário,NA,NA,camara,FALSE
camara,2218243,Pré-Revisão II,,NA,NA,camara,FALSE
camara,2218243,Revisão II,Comissões,NA,NA,camara,FALSE
camara,2218243,Revisão II,Plenário,NA,NA,camara,FALSE
camara,2218243,Sanção/Veto,Presidência da República,NA,NA,presidência da república,FALSE
camara,2218243,Avaliação dos Vetos,Congresso,NA,NA,congresso,FALSE
camara,2218244,Pré-Construção,,NA,NA,camara,FALSE
camara,2218244,Construção,Comissões,NA,NA,camara,FALSE
camara,2218244,Construção,Plenário,NA,NA,camara,FALSE
camara,2218244,Pré-Revisão I,,NA,NA,camara,FALSE
camara,2218244,Revisão I,Comissões,NA,NA,camara,FALSE
camara,2218244,Revisão I,Plenário,NA,NA,camara,FALSE
camara,2218244,Pré-Revisão II,,NA,NA,camara,FALSE
camara,2218244,Revisão II,Comissões,NA,NA,camara,FALSE
camara,2218244,Revisão II,Plenário,NA,NA,camara,FALSE
camara,2218244,Sanção/Veto,Presidência da República,NA,NA,presidência da república,FALSE
camara,2218244,Avaliação dos Vetos,Congresso,NA,NA,congresso,FALSE
camara,2219656,Pré-Construção,,NA,NA,camara,FALSE
camara,2219656,Construção,Comissões,NA,NA,camara,FALSE
camara,2219656,Construção,Plenário,NA,NA,camara,FALSE
camara,2219656,Pré-Revisão I,,NA,NA,camara,FALSE
camara,2219656,Revisão I,Comissões,NA,NA,camara,FALSE
camara,2219656,Revisão I,Plenário,NA,NA,camara,FALSE
camara,2219656,Pré-Revisão II,,NA,NA,camara,FALSE
camara,2219656,Revisão II,Comissões,NA,NA,camara,FALSE
camara,2219656,Revisão II,Plenário,NA,NA,camara,FALSE
camara,2219656,Sanção/Veto,Presidência da República,NA,NA,presidência da república,FALSE
camara,2219656,Avaliação dos Vetos,Congresso,NA,NA,congresso,FALSE
camara,2220973,Pré-Construção,,NA,NA,camara,FALSE
camara,2220973,Construção,Comissões,NA,NA,camara,FALSE
camara,2220973,Construção,Plenário,NA,NA,camara,FALSE
camara,2220973,Pré-Revisão I,,NA,NA,camara,FALSE
camara,2220973,Revisão I,Comissões,NA,NA,camara,FALSE
camara,2220973,Revisão I,Plenário,NA,NA,camara,FALSE
camara,2220973,Pré-Revisão II,,NA,NA,camara,FALSE
camara,2220973,Revisão II,Comissões,NA,NA,camara,FALSE
camara,2220973,Revisão II,Plenário,NA,NA,camara,FALSE
camara,2220973,Sanção/Veto,Presidência da República,NA,NA,presidência da república,FALSE
camara,2220973,Avaliação dos Vetos,Congresso,NA,NA,congresso,FALSE
camara,2221765,Pré-Construção,,NA,NA,camara,FALSE
camara,2221765,Construção,Comissões,NA,NA,camara,FALSE
camara,2221765,Construção,Plenário,NA,NA,camara,FALSE
camara,2221765,Pré-Revisão I,,NA,NA,camara,FALSE
camara,2221765,Revisão I,Comissões,NA,NA,camara,FALSE
camara,2221765,Revisão I,Plenário,NA,NA,camara,FALSE
camara,2221765,Pré-Revisão II,,NA,NA,camara,FALSE
camara,2221765,Revisão II,Comissões,NA,NA,camara,FALSE
camara,2221765,Revisão II,Plenário,NA,NA,camara,FALSE
camara,2221765,Sanção/Veto,Presidência da República,NA,NA,presidência da república,FALSE
camara,2221765,Avaliação dos Vetos,Congresso,NA,NA,congresso,FALSE
camara,2228840,Pré-Construção,,NA,NA,camara,FALSE
camara,2228840,Construção,Comissões,NA,NA,camara,FALSE
camara,2228840,Construção,Plenário,NA,NA,camara,FALSE
camara,2228840,Pré-Revisão I,,NA,NA,camara,FALSE
camara,2228840,Revisão I,Comissões,NA,NA,camara,FALSE
camara,2228840,Revisão I,Plenário,NA,NA,camara,FALSE
camara,2228840,Pré-Revisão II,,NA,NA,camara,FALSE
camara,2228840,Revisão II,Comissões,NA,NA,camara,FALSE
camara,2228840,Revisão II,Plenário,NA,NA,camara,FALSE
camara,2228840,Sanção/Veto,Presidência da República,NA,NA,presidência da república,FALSE
camara,2228840,Avaliação dos Vetos,Congresso,NA,NA,congresso,FALSE
camara,2228776,Pré-Construção,,NA,NA,camara,FALSE
camara,2228776,Construção,Comissões,NA,NA,camara,FALSE
camara,2228776,Construção,Plenário,NA,NA,camara,FALSE
camara,2228776,Pré-Revisão I,,NA,NA,camara,FALSE
camara,2228776,Revisão I,Comissões,NA,NA,camara,FALSE
camara,2228776,Revisão I,Plenário,NA,NA,camara,FALSE
camara,2228776,Pré-Revisão II,,NA,NA,camara,FALSE
camara,2228776,Revisão II,Comissões,NA,NA,camara,FALSE
camara,2228776,Revisão II,Plenário,NA,NA,camara,FALSE
camara,2228776,Sanção/Veto,Presidência da República,NA,NA,presidência da república,FALSE
camara,2228776,Avaliação dos Vetos,Congresso,NA,NA,congresso,FALSE
camara,2229137,Pré-Construção,,NA,NA,camara,FALSE
camara,2229137,Construção,Comissões,NA,NA,camara,FALSE
camara,2229137,Construção,Plenário,NA,NA,camara,FALSE
camara,2229137,Pré-Revisão I,,NA,NA,camara,FALSE
camara,2229137,Revisão I,Comissões,NA,NA,camara,FALSE
camara,2229137,Revisão I,Plenário,NA,NA,camara,FALSE
camara,2229137,Pré-Revisão II,,NA,NA,camara,FALSE
camara,2229137,Revisão II,Comissões,NA,NA,camara,FALSE
camara,2229137,Revisão II,Plenário,NA,NA,camara,FALSE
camara,2229137,Sanção/Veto,Presidência da República,NA,NA,presidência da república,FALSE
camara,2229137,Avaliação dos Vetos,Congresso,NA,NA,congresso,FALSE
camara,2229142,Pré-Construção,,NA,NA,camara,FALSE
camara,2229142,Construção,Comissões,NA,NA,camara,FALSE
camara,2229142,Construção,Plenário,NA,NA,camara,FALSE
camara,2229142,Pré-Revisão I,,NA,NA,camara,FALSE
camara,2229142,Revisão I,Comissões,NA,NA,camara,FALSE
camara,2229142,Revisão I,Plenário,NA,NA,camara,FALSE
camara,2229142,Pré-Revisão II,,NA,NA,camara,FALSE
camara,2229142,Revisão II,Comissões,NA,NA,camara,FALSE
camara,2229142,Revisão II,Plenário,NA,NA,camara,FALSE
camara,2229142,Sanção/Veto,Presidência da República,NA,NA,presidência da república,FALSE
camara,2229142,Avaliação dos Vetos,Congresso,NA,NA,congresso,FALSE
camara,2229475,Pré-Construção,,NA,NA,camara,FALSE
camara,2229475,Construção,Comissões,NA,NA,camara,FALSE
camara,2229475,Construção,Plenário,NA,NA,camara,FALSE
camara,2229475,Pré-Revisão I,,NA,NA,camara,FALSE
camara,2229475,Revisão I,Comissões,NA,NA,camara,FALSE
camara,2229475,Revisão I,Plenário,NA,NA,camara,FALSE
camara,2229475,Pré-Revisão II,,NA,NA,camara,FALSE
camara,2229475,Revisão II,Comissões,NA,NA,camara,FALSE
camara,2229475,Revisão II,Plenário,NA,NA,camara,FALSE
camara,2229475,Sanção/Veto,Presidência da República,NA,NA,presidência da república,FALSE
camara,2229475,Avaliação dos Vetos,Congresso,NA,NA,congresso,FALSE
camara,2230192,Pré-Construção,,NA,NA,camara,FALSE
camara,2230192,Construção,Comissões,NA,NA,camara,FALSE
camara,2230192,Construção,Plenário,NA,NA,camara,FALSE
camara,2230192,Pré-Revisão I,,NA,NA,camara,FALSE
camara,2230192,Revisão I,Comissões,NA,NA,camara,FALSE
camara,2230192,Revisão I,Plenário,NA,NA,camara,FALSE
camara,2230192,Pré-Revisão II,,NA,NA,camara,FALSE
camara,2230192,Revisão II,Comissões,NA,NA,camara,FALSE
camara,2230192,Revisão II,Plenário,NA,NA,camara,FALSE
camara,2230192,Sanção/Veto,Presidência da República,NA,NA,presidência da república,FALSE
camara,2230192,Avaliação dos Vetos,Congresso,NA,NA,congresso,FALSE
camara,2230633,Pré-Construção,,NA,NA,camara,FALSE
camara,2230633,Construção,Comissões,NA,NA,camara,FALSE
camara,2230633,Construção,Plenário,NA,NA,camara,FALSE
camara,2230633,Pré-Revisão I,,NA,NA,camara,FALSE
camara,2230633,Revisão I,Comissões,NA,NA,camara,FALSE
camara,2230633,Revisão I,Plenário,NA,NA,camara,FALSE
camara,2230633,Pré-Revisão II,,NA,NA,camara,FALSE
camara,2230633,Revisão II,Comissões,NA,NA,camara,FALSE
camara,2230633,Revisão II,Plenário,NA,NA,camara,FALSE
camara,2230633,Sanção/Veto,Presidência da República,NA,NA,presidência da república,FALSE
camara,2230633,Avaliação dos Vetos,Congresso,NA,NA,congresso,FALSE
camara,2231711,Pré-Construção,,NA,NA,camara,FALSE
camara,2231711,Construção,Comissões,NA,NA,camara,FALSE
camara,2231711,Construção,Plenário,NA,NA,camara,FALSE
camara,2231711,Pré-Revisão I,,NA,NA,camara,FALSE
camara,2231711,Revisão I,Comissões,NA,NA,camara,FALSE
camara,2231711,Revisão I,Plenário,NA,NA,camara,FALSE
camara,2231711,Pré-Revisão II,,NA,NA,camara,FALSE
camara,2231711,Revisão II,Comissões,NA,NA,camara,FALSE
camara,2231711,Revisão II,Plenário,NA,NA,camara,FALSE
camara,2231711,Sanção/Veto,Presidência da República,NA,NA,presidência da república,FALSE
camara,2231711,Avaliação dos Vetos,Congresso,NA,NA,congresso,FALSE
camara,2231771,Pré-Construção,,NA,NA,camara,FALSE
camara,2231771,Construção,Comissões,NA,NA,camara,FALSE
camara,2231771,Construção,Plenário,NA,NA,camara,FALSE
camara,2231771,Pré-Revisão I,,NA,NA,camara,FALSE
camara,2231771,Revisão I,Comissões,NA,NA,camara,FALSE
camara,2231771,Revisão I,Plenário,NA,NA,camara,FALSE
camara,2231771,Pré-Revisão II,,NA,NA,camara,FALSE
camara,2231771,Revisão II,Comissões,NA,NA,camara,FALSE
camara,2231771,Revisão II,Plenário,NA,NA,camara,FALSE
camara,2231771,Sanção/Veto,Presidência da República,NA,NA,presidência da república,FALSE
camara,2231771,Avaliação dos Vetos,Congresso,NA,NA,congresso,FALSE
camara,2231622,Pré-Construção,,NA,NA,camara,FALSE
camara,2231622,Construção,Comissões,NA,NA,camara,FALSE
camara,2231622,Construção,Plenário,NA,NA,camara,FALSE
camara,2231622,Pré-Revisão I,,NA,NA,camara,FALSE
camara,2231622,Revisão I,Comissões,NA,NA,camara,FALSE
camara,2231622,Revisão I,Plenário,NA,NA,camara,FALSE
camara,2231622,Pré-Revisão II,,NA,NA,camara,FALSE
camara,2231622,Revisão II,Comissões,NA,NA,camara,FALSE
camara,2231622,Revisão II,Plenário,NA,NA,camara,FALSE
camara,2231622,Sanção/Veto,Presidência da República,NA,NA,presidência da república,FALSE
camara,2231622,Avaliação dos Vetos,Congresso,NA,NA,congresso,FALSE
camara,2233449,Pré-Construção,,NA,NA,camara,FALSE
camara,2233449,Construção,Comissões,NA,NA,camara,FALSE
camara,2233449,Construção,Plenário,NA,NA,camara,FALSE
camara,2233449,Pré-Revisão I,,NA,NA,camara,FALSE
camara,2233449,Revisão I,Comissões,NA,NA,camara,FALSE
camara,2233449,Revisão I,Plenário,NA,NA,camara,FALSE
camara,2233449,Pré-Revisão II,,NA,NA,camara,FALSE
camara,2233449,Revisão II,Comissões,NA,NA,camara,FALSE
camara,2233449,Revisão II,Plenário,NA,NA,camara,FALSE
camara,2233449,Sanção/Veto,Presidência da República,NA,NA,presidência da república,FALSE
camara,2233449,Avaliação dos Vetos,Congresso,NA,NA,congresso,FALSE
camara,2234294,Pré-Construção,,NA,NA,camara,FALSE
camara,2234294,Construção,Comissões,NA,NA,camara,FALSE
camara,2234294,Construção,Plenário,NA,NA,camara,FALSE
camara,2234294,Pré-Revisão I,,NA,NA,camara,FALSE
camara,2234294,Revisão I,Comissões,NA,NA,camara,FALSE
camara,2234294,Revisão I,Plenário,NA,NA,camara,FALSE
camara,2234294,Pré-Revisão II,,NA,NA,camara,FALSE
camara,2234294,Revisão II,Comissões,NA,NA,camara,FALSE
camara,2234294,Revisão II,Plenário,NA,NA,camara,FALSE
camara,2234294,Sanção/Veto,Presidência da República,NA,NA,presidência da república,FALSE
camara,2234294,Avaliação dos Vetos,Congresso,NA,NA,congresso,FALSE
camara,2236840,Pré-Construção,,NA,NA,camara,FALSE
camara,2236840,Construção,Comissões,NA,NA,camara,FALSE
camara,2236840,Construção,Plenário,NA,NA,camara,FALSE
camara,2236840,Pré-Revisão I,,NA,NA,camara,FALSE
camara,2236840,Revisão I,Comissões,NA,NA,camara,FALSE
camara,2236840,Revisão I,Plenário,NA,NA,camara,FALSE
camara,2236840,Pré-Revisão II,,NA,NA,camara,FALSE
camara,2236840,Revisão II,Comissões,NA,NA,camara,FALSE
camara,2236840,Revisão II,Plenário,NA,NA,camara,FALSE
camara,2236840,Sanção/Veto,Presidência da República,NA,NA,presidência da república,FALSE
camara,2236840,Avaliação dos Vetos,Congresso,NA,NA,congresso,FALSE
camara,2236761,Pré-Construção,,NA,NA,camara,FALSE
camara,2236761,Construção,Comissões,NA,NA,camara,FALSE
camara,2236761,Construção,Plenário,NA,NA,camara,FALSE
camara,2236761,Pré-Revisão I,,NA,NA,camara,FALSE
camara,2236761,Revisão I,Comissões,NA,NA,camara,FALSE
camara,2236761,Revisão I,Plenário,NA,NA,camara,FALSE
camara,2236761,Pré-Revisão II,,NA,NA,camara,FALSE
camara,2236761,Revisão II,Comissões,NA,NA,camara,FALSE
camara,2236761,Revisão II,Plenário,NA,NA,camara,FALSE
camara,2236761,Sanção/Veto,Presidência da República,NA,NA,presidência da república,FALSE
camara,2236761,Avaliação dos Vetos,Congresso,NA,NA,congresso,FALSE
camara,2236893,Pré-Construção,,NA,NA,camara,FALSE
camara,2236893,Construção,Comissões,NA,NA,camara,FALSE
camara,2236893,Construção,Plenário,NA,NA,camara,FALSE
camara,2236893,Pré-Revisão I,,NA,NA,camara,FALSE
camara,2236893,Revisão I,Comissões,NA,NA,camara,FALSE
camara,2236893,Revisão I,Plenário,NA,NA,camara,FALSE
camara,2236893,Pré-Revisão II,,NA,NA,camara,FALSE
camara,2236893,Revisão II,Comissões,NA,NA,camara,FALSE
camara,2236893,Revisão II,Plenário,NA,NA,camara,FALSE
camara,2236893,Sanção/Veto,Presidência da República,NA,NA,presidência da república,FALSE
camara,2236893,Avaliação dos Vetos,Congresso,NA,NA,congresso,FALSE
camara,2236958,Pré-Construção,,NA,NA,camara,FALSE
camara,2236958,Construção,Comissões,NA,NA,camara,FALSE
camara,2236958,Construção,Plenário,NA,NA,camara,FALSE
camara,2236958,Pré-Revisão I,,NA,NA,camara,FALSE
camara,2236958,Revisão I,Comissões,NA,NA,camara,FALSE
camara,2236958,Revisão I,Plenário,NA,NA,camara,FALSE
camara,2236958,Pré-Revisão II,,NA,NA,camara,FALSE
camara,2236958,Revisão II,Comissões,NA,NA,camara,FALSE
camara,2236958,Revisão II,Plenário,NA,NA,camara,FALSE
camara,2236958,Sanção/Veto,Presidência da República,NA,NA,presidência da república,FALSE
camara,2236958,Avaliação dos Vetos,Congresso,NA,NA,congresso,FALSE
camara,2236932,Pré-Construção,,NA,NA,camara,FALSE
camara,2236932,Construção,Comissões,NA,NA,camara,FALSE
camara,2236932,Construção,Plenário,NA,NA,camara,FALSE
camara,2236932,Pré-Revisão I,,NA,NA,camara,FALSE
camara,2236932,Revisão I,Comissões,NA,NA,camara,FALSE
camara,2236932,Revisão I,Plenário,NA,NA,camara,FALSE
camara,2236932,Pré-Revisão II,,NA,NA,camara,FALSE
camara,2236932,Revisão II,Comissões,NA,NA,camara,FALSE
camara,2236932,Revisão II,Plenário,NA,NA,camara,FALSE
camara,2236932,Sanção/Veto,Presidência da República,NA,NA,presidência da república,FALSE
camara,2236932,Avaliação dos Vetos,Congresso,NA,NA,congresso,FALSE
camara,2236959,Pré-Construção,,NA,NA,camara,FALSE
camara,2236959,Construção,Comissões,NA,NA,camara,FALSE
camara,2236959,Construção,Plenário,NA,NA,camara,FALSE
camara,2236959,Pré-Revisão I,,NA,NA,camara,FALSE
camara,2236959,Revisão I,Comissões,NA,NA,camara,FALSE
camara,2236959,Revisão I,Plenário,NA,NA,camara,FALSE
camara,2236959,Pré-Revisão II,,NA,NA,camara,FALSE
camara,2236959,Revisão II,Comissões,NA,NA,camara,FALSE
camara,2236959,Revisão II,Plenário,NA,NA,camara,FALSE
camara,2236959,Sanção/Veto,Presidência da República,NA,NA,presidência da república,FALSE
camara,2236959,Avaliação dos Vetos,Congresso,NA,NA,congresso,FALSE
camara,2236896,Pré-Construção,,NA,NA,camara,FALSE
camara,2236896,Construção,Comissões,NA,NA,camara,FALSE
camara,2236896,Construção,Plenário,NA,NA,camara,FALSE
camara,2236896,Pré-Revisão I,,NA,NA,camara,FALSE
camara,2236896,Revisão I,Comissões,NA,NA,camara,FALSE
camara,2236896,Revisão I,Plenário,NA,NA,camara,FALSE
camara,2236896,Pré-Revisão II,,NA,NA,camara,FALSE
camara,2236896,Revisão II,Comissões,NA,NA,camara,FALSE
camara,2236896,Revisão II,Plenário,NA,NA,camara,FALSE
camara,2236896,Sanção/Veto,Presidência da República,NA,NA,presidência da república,FALSE
camara,2236896,Avaliação dos Vetos,Congresso,NA,NA,congresso,FALSE
camara,2237177,Pré-Construção,,NA,NA,camara,FALSE
camara,2237177,Construção,Comissões,NA,NA,camara,FALSE
camara,2237177,Construção,Plenário,NA,NA,camara,FALSE
camara,2237177,Pré-Revisão I,,NA,NA,camara,FALSE
camara,2237177,Revisão I,Comissões,NA,NA,camara,FALSE
camara,2237177,Revisão I,Plenário,NA,NA,camara,FALSE
camara,2237177,Pré-Revisão II,,NA,NA,camara,FALSE
camara,2237177,Revisão II,Comissões,NA,NA,camara,FALSE
camara,2237177,Revisão II,Plenário,NA,NA,camara,FALSE
camara,2237177,Sanção/Veto,Presidência da República,NA,NA,presidência da república,FALSE
camara,2237177,Avaliação dos Vetos,Congresso,NA,NA,congresso,FALSE
camara,2237205,Pré-Construção,,NA,NA,camara,FALSE
camara,2237205,Construção,Comissões,NA,NA,camara,FALSE
camara,2237205,Construção,Plenário,NA,NA,camara,FALSE
camara,2237205,Pré-Revisão I,,NA,NA,camara,FALSE
camara,2237205,Revisão I,Comissões,NA,NA,camara,FALSE
camara,2237205,Revisão I,Plenário,NA,NA,camara,FALSE
camara,2237205,Pré-Revisão II,,NA,NA,camara,FALSE
camara,2237205,Revisão II,Comissões,NA,NA,camara,FALSE
camara,2237205,Revisão II,Plenário,NA,NA,camara,FALSE
camara,2237205,Sanção/Veto,Presidência da República,NA,NA,presidência da república,FALSE
camara,2237205,Avaliação dos Vetos,Congresso,NA,NA,congresso,FALSE
camara,2237192,Pré-Construção,,NA,NA,camara,FALSE
camara,2237192,Construção,Comissões,NA,NA,camara,FALSE
camara,2237192,Construção,Plenário,NA,NA,camara,FALSE
camara,2237192,Pré-Revisão I,,NA,NA,camara,FALSE
camara,2237192,Revisão I,Comissões,NA,NA,camara,FALSE
camara,2237192,Revisão I,Plenário,NA,NA,camara,FALSE
camara,2237192,Pré-Revisão II,,NA,NA,camara,FALSE
camara,2237192,Revisão II,Comissões,NA,NA,camara,FALSE
camara,2237192,Revisão II,Plenário,NA,NA,camara,FALSE
camara,2237192,Sanção/Veto,Presidência da República,NA,NA,presidência da república,FALSE
camara,2237192,Avaliação dos Vetos,Congresso,NA,NA,congresso,FALSE
camara,2237358,Pré-Construção,,NA,NA,camara,FALSE
camara,2237358,Construção,Comissões,NA,NA,camara,FALSE
camara,2237358,Construção,Plenário,NA,NA,camara,FALSE
camara,2237358,Pré-Revisão I,,NA,NA,camara,FALSE
camara,2237358,Revisão I,Comissões,NA,NA,camara,FALSE
camara,2237358,Revisão I,Plenário,NA,NA,camara,FALSE
camara,2237358,Pré-Revisão II,,NA,NA,camara,FALSE
camara,2237358,Revisão II,Comissões,NA,NA,camara,FALSE
camara,2237358,Revisão II,Plenário,NA,NA,camara,FALSE
camara,2237358,Sanção/Veto,Presidência da República,NA,NA,presidência da república,FALSE
camara,2237358,Avaliação dos Vetos,Congresso,NA,NA,congresso,FALSE
camara,2237764,Pré-Construção,,NA,NA,camara,FALSE
camara,2237764,Construção,Comissões,NA,NA,camara,FALSE
camara,2237764,Construção,Plenário,NA,NA,camara,FALSE
camara,2237764,Pré-Revisão I,,NA,NA,camara,FALSE
camara,2237764,Revisão I,Comissões,NA,NA,camara,FALSE
camara,2237764,Revisão I,Plenário,NA,NA,camara,FALSE
camara,2237764,Pré-Revisão II,,NA,NA,camara,FALSE
camara,2237764,Revisão II,Comissões,NA,NA,camara,FALSE
camara,2237764,Revisão II,Plenário,NA,NA,camara,FALSE
camara,2237764,Sanção/Veto,Presidência da República,NA,NA,presidência da república,FALSE
camara,2237764,Avaliação dos Vetos,Congresso,NA,NA,congresso,FALSE
camara,2237766,Pré-Construção,,NA,NA,camara,FALSE
camara,2237766,Construção,Comissões,NA,NA,camara,FALSE
camara,2237766,Construção,Plenário,NA,NA,camara,FALSE
camara,2237766,Pré-Revisão I,,NA,NA,camara,FALSE
camara,2237766,Revisão I,Comissões,NA,NA,camara,FALSE
camara,2237766,Revisão I,Plenário,NA,NA,camara,FALSE
camara,2237766,Pré-Revisão II,,NA,NA,camara,FALSE
camara,2237766,Revisão II,Comissões,NA,NA,camara,FALSE
camara,2237766,Revisão II,Plenário,NA,NA,camara,FALSE
camara,2237766,Sanção/Veto,Presidência da República,NA,NA,presidência da república,FALSE
camara,2237766,Avaliação dos Vetos,Congresso,NA,NA,congresso,FALSE
camara,2237825,Pré-Construção,,NA,NA,camara,FALSE
camara,2237825,Construção,Comissões,NA,NA,camara,FALSE
camara,2237825,Construção,Plenário,NA,NA,camara,FALSE
camara,2237825,Pré-Revisão I,,NA,NA,camara,FALSE
camara,2237825,Revisão I,Comissões,NA,NA,camara,FALSE
camara,2237825,Revisão I,Plenário,NA,NA,camara,FALSE
camara,2237825,Pré-Revisão II,,NA,NA,camara,FALSE
camara,2237825,Revisão II,Comissões,NA,NA,camara,FALSE
camara,2237825,Revisão II,Plenário,NA,NA,camara,FALSE
camara,2237825,Sanção/Veto,Presidência da República,NA,NA,presidência da república,FALSE
camara,2237825,Avaliação dos Vetos,Congresso,NA,NA,congresso,FALSE
camara,2238163,Pré-Construção,,NA,NA,camara,FALSE
camara,2238163,Construção,Comissões,NA,NA,camara,FALSE
camara,2238163,Construção,Plenário,NA,NA,camara,FALSE
camara,2238163,Pré-Revisão I,,NA,NA,camara,FALSE
camara,2238163,Revisão I,Comissões,NA,NA,camara,FALSE
camara,2238163,Revisão I,Plenário,NA,NA,camara,FALSE
camara,2238163,Pré-Revisão II,,NA,NA,camara,FALSE
camara,2238163,Revisão II,Comissões,NA,NA,camara,FALSE
camara,2238163,Revisão II,Plenário,NA,NA,camara,FALSE
camara,2238163,Sanção/Veto,Presidência da República,NA,NA,presidência da república,FALSE
camara,2238163,Avaliação dos Vetos,Congresso,NA,NA,congresso,FALSE
camara,2238417,Pré-Construção,,NA,NA,camara,FALSE
camara,2238417,Construção,Comissões,NA,NA,camara,FALSE
camara,2238417,Construção,Plenário,NA,NA,camara,FALSE
camara,2238417,Pré-Revisão I,,NA,NA,camara,FALSE
camara,2238417,Revisão I,Comissões,NA,NA,camara,FALSE
camara,2238417,Revisão I,Plenário,NA,NA,camara,FALSE
camara,2238417,Pré-Revisão II,,NA,NA,camara,FALSE
camara,2238417,Revisão II,Comissões,NA,NA,camara,FALSE
camara,2238417,Revisão II,Plenário,NA,NA,camara,FALSE
camara,2238417,Sanção/Veto,Presidência da República,NA,NA,presidência da república,FALSE
camara,2238417,Avaliação dos Vetos,Congresso,NA,NA,congresso,FALSE
camara,2238675,Pré-Construção,,NA,NA,camara,FALSE
camara,2238675,Construção,Comissões,NA,NA,camara,FALSE
camara,2238675,Construção,Plenário,NA,NA,camara,FALSE
camara,2238675,Pré-Revisão I,,NA,NA,camara,FALSE
camara,2238675,Revisão I,Comissões,NA,NA,camara,FALSE
camara,2238675,Revisão I,Plenário,NA,NA,camara,FALSE
camara,2238675,Pré-Revisão II,,NA,NA,camara,FALSE
camara,2238675,Revisão II,Comissões,NA,NA,camara,FALSE
camara,2238675,Revisão II,Plenário,NA,NA,camara,FALSE
camara,2238675,Sanção/Veto,Presidência da República,NA,NA,presidência da república,FALSE
camara,2238675,Avaliação dos Vetos,Congresso,NA,NA,congresso,FALSE
camara,2241699,Pré-Construção,,NA,NA,camara,FALSE
camara,2241699,Construção,Comissões,NA,NA,camara,FALSE
camara,2241699,Construção,Plenário,NA,NA,camara,FALSE
camara,2241699,Pré-Revisão I,,NA,NA,camara,FALSE
camara,2241699,Revisão I,Comissões,NA,NA,camara,FALSE
camara,2241699,Revisão I,Plenário,NA,NA,camara,FALSE
camara,2241699,Pré-Revisão II,,NA,NA,camara,FALSE
camara,2241699,Revisão II,Comissões,NA,NA,camara,FALSE
camara,2241699,Revisão II,Plenário,NA,NA,camara,FALSE
camara,2241699,Sanção/Veto,Presidência da República,NA,NA,presidência da república,FALSE
camara,2241699,Avaliação dos Vetos,Congresso,NA,NA,congresso,FALSE
camara,2249957,Pré-Construção,,NA,NA,camara,FALSE
camara,2249957,Construção,Comissões,NA,NA,camara,FALSE
camara,2249957,Construção,Plenário,NA,NA,camara,FALSE
camara,2249957,Pré-Revisão I,,NA,NA,camara,FALSE
camara,2249957,Revisão I,Comissões,NA,NA,camara,FALSE
camara,2249957,Revisão I,Plenário,NA,NA,camara,FALSE
camara,2249957,Pré-Revisão II,,NA,NA,camara,FALSE
camara,2249957,Revisão II,Comissões,NA,NA,camara,FALSE
camara,2249957,Revisão II,Plenário,NA,NA,camara,FALSE
camara,2249957,Sanção/Veto,Presidência da República,NA,NA,presidência da república,FALSE
camara,2249957,Avaliação dos Vetos,Congresso,NA,NA,congresso,FALSE
camara,2250646,Pré-Construção,,NA,NA,camara,FALSE
camara,2250646,Construção,Comissões,NA,NA,camara,FALSE
camara,2250646,Construção,Plenário,NA,NA,camara,FALSE
camara,2250646,Pré-Revisão I,,NA,NA,camara,FALSE
camara,2250646,Revisão I,Comissões,NA,NA,camara,FALSE
camara,2250646,Revisão I,Plenário,NA,NA,camara,FALSE
camara,2250646,Pré-Revisão II,,NA,NA,camara,FALSE
camara,2250646,Revisão II,Comissões,NA,NA,camara,FALSE
camara,2250646,Revisão II,Plenário,NA,NA,camara,FALSE
camara,2250646,Sanção/Veto,Presidência da República,NA,NA,presidência da república,FALSE
camara,2250646,Avaliação dos Vetos,Congresso,NA,NA,congresso,FALSE
camara,2250702,Pré-Construção,,NA,NA,camara,FALSE
camara,2250702,Construção,Comissões,NA,NA,camara,FALSE
camara,2250702,Construção,Plenário,NA,NA,camara,FALSE
camara,2250702,Pré-Revisão I,,NA,NA,camara,FALSE
camara,2250702,Revisão I,Comissões,NA,NA,camara,FALSE
camara,2250702,Revisão I,Plenário,NA,NA,camara,FALSE
camara,2250702,Pré-Revisão II,,NA,NA,camara,FALSE
camara,2250702,Revisão II,Comissões,NA,NA,camara,FALSE
camara,2250702,Revisão II,Plenário,NA,NA,camara,FALSE
camara,2250702,Sanção/Veto,Presidência da República,NA,NA,presidência da república,FALSE
camara,2250702,Avaliação dos Vetos,Congresso,NA,NA,congresso,FALSE
camara,2252113,Pré-Construção,,NA,NA,camara,FALSE
camara,2252113,Construção,Comissões,NA,NA,camara,FALSE
camara,2252113,Construção,Plenário,NA,NA,camara,FALSE
camara,2252113,Pré-Revisão I,,NA,NA,camara,FALSE
camara,2252113,Revisão I,Comissões,NA,NA,camara,FALSE
camara,2252113,Revisão I,Plenário,NA,NA,camara,FALSE
camara,2252113,Pré-Revisão II,,NA,NA,camara,FALSE
camara,2252113,Revisão II,Comissões,NA,NA,camara,FALSE
camara,2252113,Revisão II,Plenário,NA,NA,camara,FALSE
camara,2252113,Sanção/Veto,Presidência da República,NA,NA,presidência da república,FALSE
camara,2252113,Avaliação dos Vetos,Congresso,NA,NA,congresso,FALSE
camara,2252052,Pré-Construção,,NA,NA,camara,FALSE
camara,2252052,Construção,Comissões,NA,NA,camara,FALSE
camara,2252052,Construção,Plenário,NA,NA,camara,FALSE
camara,2252052,Pré-Revisão I,,NA,NA,camara,FALSE
camara,2252052,Revisão I,Comissões,NA,NA,camara,FALSE
camara,2252052,Revisão I,Plenário,NA,NA,camara,FALSE
camara,2252052,Pré-Revisão II,,NA,NA,camara,FALSE
camara,2252052,Revisão II,Comissões,NA,NA,camara,FALSE
camara,2252052,Revisão II,Plenário,NA,NA,camara,FALSE
camara,2252052,Sanção/Veto,Presidência da República,NA,NA,presidência da república,FALSE
camara,2252052,Avaliação dos Vetos,Congresso,NA,NA,congresso,FALSE
camara,2252159,Pré-Construção,,NA,NA,camara,FALSE
camara,2252159,Construção,Comissões,NA,NA,camara,FALSE
camara,2252159,Construção,Plenário,NA,NA,camara,FALSE
camara,2252159,Pré-Revisão I,,NA,NA,camara,FALSE
camara,2252159,Revisão I,Comissões,NA,NA,camara,FALSE
camara,2252159,Revisão I,Plenário,NA,NA,camara,FALSE
camara,2252159,Pré-Revisão II,,NA,NA,camara,FALSE
camara,2252159,Revisão II,Comissões,NA,NA,camara,FALSE
camara,2252159,Revisão II,Plenário,NA,NA,camara,FALSE
camara,2252159,Sanção/Veto,Presidência da República,NA,NA,presidência da república,FALSE
camara,2252159,Avaliação dos Vetos,Congresso,NA,NA,congresso,FALSE
camara,2252799,Pré-Construção,,NA,NA,camara,FALSE
camara,2252799,Construção,Comissões,NA,NA,camara,FALSE
camara,2252799,Construção,Plenário,NA,NA,camara,FALSE
camara,2252799,Pré-Revisão I,,NA,NA,camara,FALSE
camara,2252799,Revisão I,Comissões,NA,NA,camara,FALSE
camara,2252799,Revisão I,Plenário,NA,NA,camara,FALSE
camara,2252799,Pré-Revisão II,,NA,NA,camara,FALSE
camara,2252799,Revisão II,Comissões,NA,NA,camara,FALSE
camara,2252799,Revisão II,Plenário,NA,NA,camara,FALSE
camara,2252799,Sanção/Veto,Presidência da República,NA,NA,presidência da república,FALSE
camara,2252799,Avaliação dos Vetos,Congresso,NA,NA,congresso,FALSE
camara,2252619,Pré-Construção,,NA,NA,camara,FALSE
camara,2252619,Construção,Comissões,NA,NA,camara,FALSE
camara,2252619,Construção,Plenário,NA,NA,camara,FALSE
camara,2252619,Pré-Revisão I,,NA,NA,camara,FALSE
camara,2252619,Revisão I,Comissões,NA,NA,camara,FALSE
camara,2252619,Revisão I,Plenário,NA,NA,camara,FALSE
camara,2252619,Pré-Revisão II,,NA,NA,camara,FALSE
camara,2252619,Revisão II,Comissões,NA,NA,camara,FALSE
camara,2252619,Revisão II,Plenário,NA,NA,camara,FALSE
camara,2252619,Sanção/Veto,Presidência da República,NA,NA,presidência da república,FALSE
camara,2252619,Avaliação dos Vetos,Congresso,NA,NA,congresso,FALSE
camara,2252883,Pré-Construção,,NA,NA,camara,FALSE
camara,2252883,Construção,Comissões,NA,NA,camara,FALSE
camara,2252883,Construção,Plenário,NA,NA,camara,FALSE
camara,2252883,Pré-Revisão I,,NA,NA,camara,FALSE
camara,2252883,Revisão I,Comissões,NA,NA,camara,FALSE
camara,2252883,Revisão I,Plenário,NA,NA,camara,FALSE
camara,2252883,Pré-Revisão II,,NA,NA,camara,FALSE
camara,2252883,Revisão II,Comissões,NA,NA,camara,FALSE
camara,2252883,Revisão II,Plenário,NA,NA,camara,FALSE
camara,2252883,Sanção/Veto,Presidência da República,NA,NA,presidência da república,FALSE
camara,2252883,Avaliação dos Vetos,Congresso,NA,NA,congresso,FALSE
camara,2253313,Pré-Construção,,NA,NA,camara,FALSE
camara,2253313,Construção,Comissões,NA,NA,camara,FALSE
camara,2253313,Construção,Plenário,NA,NA,camara,FALSE
camara,2253313,Pré-Revisão I,,NA,NA,camara,FALSE
camara,2253313,Revisão I,Comissões,NA,NA,camara,FALSE
camara,2253313,Revisão I,Plenário,NA,NA,camara,FALSE
camara,2253313,Pré-Revisão II,,NA,NA,camara,FALSE
camara,2253313,Revisão II,Comissões,NA,NA,camara,FALSE
camara,2253313,Revisão II,Plenário,NA,NA,camara,FALSE
camara,2253313,Sanção/Veto,Presidência da República,NA,NA,presidência da república,FALSE
camara,2253313,Avaliação dos Vetos,Congresso,NA,NA,congresso,FALSE
camara,2254013,Pré-Construção,,NA,NA,camara,FALSE
camara,2254013,Construção,Comissões,NA,NA,camara,FALSE
camara,2254013,Construção,Plenário,NA,NA,camara,FALSE
camara,2254013,Pré-Revisão I,,NA,NA,camara,FALSE
camara,2254013,Revisão I,Comissões,NA,NA,camara,FALSE
camara,2254013,Revisão I,Plenário,NA,NA,camara,FALSE
camara,2254013,Pré-Revisão II,,NA,NA,camara,FALSE
camara,2254013,Revisão II,Comissões,NA,NA,camara,FALSE
camara,2254013,Revisão II,Plenário,NA,NA,camara,FALSE
camara,2254013,Sanção/Veto,Presidência da República,NA,NA,presidência da república,FALSE
camara,2254013,Avaliação dos Vetos,Congresso,NA,NA,congresso,FALSE
camara,2254012,Pré-Construção,,NA,NA,camara,FALSE
camara,2254012,Construção,Comissões,NA,NA,camara,FALSE
camara,2254012,Construção,Plenário,NA,NA,camara,FALSE
camara,2254012,Pré-Revisão I,,NA,NA,camara,FALSE
camara,2254012,Revisão I,Comissões,NA,NA,camara,FALSE
camara,2254012,Revisão I,Plenário,NA,NA,camara,FALSE
camara,2254012,Pré-Revisão II,,NA,NA,camara,FALSE
camara,2254012,Revisão II,Comissões,NA,NA,camara,FALSE
camara,2254012,Revisão II,Plenário,NA,NA,camara,FALSE
camara,2254012,Sanção/Veto,Presidência da República,NA,NA,presidência da república,FALSE
camara,2254012,Avaliação dos Vetos,Congresso,NA,NA,congresso,FALSE
camara,2256399,Pré-Construção,,NA,NA,camara,FALSE
camara,2256399,Construção,Comissões,NA,NA,camara,FALSE
camara,2256399,Construção,Plenário,NA,NA,camara,FALSE
camara,2256399,Pré-Revisão I,,NA,NA,camara,FALSE
camara,2256399,Revisão I,Comissões,NA,NA,camara,FALSE
camara,2256399,Revisão I,Plenário,NA,NA,camara,FALSE
camara,2256399,Pré-Revisão II,,NA,NA,camara,FALSE
camara,2256399,Revisão II,Comissões,NA,NA,camara,FALSE
camara,2256399,Revisão II,Plenário,NA,NA,camara,FALSE
camara,2256399,Sanção/Veto,Presidência da República,NA,NA,presidência da república,FALSE
camara,2256399,Avaliação dos Vetos,Congresso,NA,NA,congresso,FALSE
camara,2259427,Pré-Construção,,NA,NA,camara,FALSE
camara,2259427,Construção,Comissões,NA,NA,camara,FALSE
camara,2259427,Construção,Plenário,NA,NA,camara,FALSE
camara,2259427,Pré-Revisão I,,NA,NA,camara,FALSE
camara,2259427,Revisão I,Comissões,NA,NA,camara,FALSE
camara,2259427,Revisão I,Plenário,NA,NA,camara,FALSE
camara,2259427,Pré-Revisão II,,NA,NA,camara,FALSE
camara,2259427,Revisão II,Comissões,NA,NA,camara,FALSE
camara,2259427,Revisão II,Plenário,NA,NA,camara,FALSE
camara,2259427,Sanção/Veto,Presidência da República,NA,NA,presidência da república,FALSE
camara,2259427,Avaliação dos Vetos,Congresso,NA,NA,congresso,FALSE
camara,2259673,Pré-Construção,,NA,NA,camara,FALSE
camara,2259673,Construção,Comissões,NA,NA,camara,FALSE
camara,2259673,Construção,Plenário,NA,NA,camara,FALSE
camara,2259673,Pré-Revisão I,,NA,NA,camara,FALSE
camara,2259673,Revisão I,Comissões,NA,NA,camara,FALSE
camara,2259673,Revisão I,Plenário,NA,NA,camara,FALSE
camara,2259673,Pré-Revisão II,,NA,NA,camara,FALSE
camara,2259673,Revisão II,Comissões,NA,NA,camara,FALSE
camara,2259673,Revisão II,Plenário,NA,NA,camara,FALSE
camara,2259673,Sanção/Veto,Presidência da República,NA,NA,presidência da república,FALSE
camara,2259673,Avaliação dos Vetos,Congresso,NA,NA,congresso,FALSE
camara,2259680,Pré-Construção,,NA,NA,camara,FALSE
camara,2259680,Construção,Comissões,NA,NA,camara,FALSE
camara,2259680,Construção,Plenário,NA,NA,camara,FALSE
camara,2259680,Pré-Revisão I,,NA,NA,camara,FALSE
camara,2259680,Revisão I,Comissões,NA,NA,camara,FALSE
camara,2259680,Revisão I,Plenário,NA,NA,camara,FALSE
camara,2259680,Pré-Revisão II,,NA,NA,camara,FALSE
camara,2259680,Revisão II,Comissões,NA,NA,camara,FALSE
camara,2259680,Revisão II,Plenário,NA,NA,camara,FALSE
camara,2259680,Sanção/Veto,Presidência da República,NA,NA,presidência da república,FALSE
camara,2259680,Avaliação dos Vetos,Congresso,NA,NA,congresso,FALSE
camara,2259684,Pré-Construção,,NA,NA,camara,FALSE
camara,2259684,Construção,Comissões,NA,NA,camara,FALSE
camara,2259684,Construção,Plenário,NA,NA,camara,FALSE
camara,2259684,Pré-Revisão I,,NA,NA,camara,FALSE
camara,2259684,Revisão I,Comissões,NA,NA,camara,FALSE
camara,2259684,Revisão I,Plenário,NA,NA,camara,FALSE
camara,2259684,Pré-Revisão II,,NA,NA,camara,FALSE
camara,2259684,Revisão II,Comissões,NA,NA,camara,FALSE
camara,2259684,Revisão II,Plenário,NA,NA,camara,FALSE
camara,2259684,Sanção/Veto,Presidência da República,NA,NA,presidência da república,FALSE
camara,2259684,Avaliação dos Vetos,Congresso,NA,NA,congresso,FALSE
camara,2259776,Pré-Construção,,NA,NA,camara,FALSE
camara,2259776,Construção,Comissões,NA,NA,camara,FALSE
camara,2259776,Construção,Plenário,NA,NA,camara,FALSE
camara,2259776,Pré-Revisão I,,NA,NA,camara,FALSE
camara,2259776,Revisão I,Comissões,NA,NA,camara,FALSE
camara,2259776,Revisão I,Plenário,NA,NA,camara,FALSE
camara,2259776,Pré-Revisão II,,NA,NA,camara,FALSE
camara,2259776,Revisão II,Comissões,NA,NA,camara,FALSE
camara,2259776,Revisão II,Plenário,NA,NA,camara,FALSE
camara,2259776,Sanção/Veto,Presidência da República,NA,NA,presidência da república,FALSE
camara,2259776,Avaliação dos Vetos,Congresso,NA,NA,congresso,FALSE
camara,2259770,Pré-Construção,,NA,NA,camara,FALSE
camara,2259770,Construção,Comissões,NA,NA,camara,FALSE
camara,2259770,Construção,Plenário,NA,NA,camara,FALSE
camara,2259770,Pré-Revisão I,,NA,NA,camara,FALSE
camara,2259770,Revisão I,Comissões,NA,NA,camara,FALSE
camara,2259770,Revisão I,Plenário,NA,NA,camara,FALSE
camara,2259770,Pré-Revisão II,,NA,NA,camara,FALSE
camara,2259770,Revisão II,Comissões,NA,NA,camara,FALSE
camara,2259770,Revisão II,Plenário,NA,NA,camara,FALSE
camara,2259770,Sanção/Veto,Presidência da República,NA,NA,presidência da república,FALSE
camara,2259770,Avaliação dos Vetos,Congresso,NA,NA,congresso,FALSE
camara,2259826,Pré-Construção,,NA,NA,camara,FALSE
camara,2259826,Construção,Comissões,NA,NA,camara,FALSE
camara,2259826,Construção,Plenário,NA,NA,camara,FALSE
camara,2259826,Pré-Revisão I,,NA,NA,camara,FALSE
camara,2259826,Revisão I,Comissões,NA,NA,camara,FALSE
camara,2259826,Revisão I,Plenário,NA,NA,camara,FALSE
camara,2259826,Pré-Revisão II,,NA,NA,camara,FALSE
camara,2259826,Revisão II,Comissões,NA,NA,camara,FALSE
camara,2259826,Revisão II,Plenário,NA,NA,camara,FALSE
camara,2259826,Sanção/Veto,Presidência da República,NA,NA,presidência da república,FALSE
camara,2259826,Avaliação dos Vetos,Congresso,NA,NA,congresso,FALSE
camara,2260412,Pré-Construção,,NA,NA,camara,FALSE
camara,2260412,Construção,Comissões,NA,NA,camara,FALSE
camara,2260412,Construção,Plenário,NA,NA,camara,FALSE
camara,2260412,Pré-Revisão I,,NA,NA,camara,FALSE
camara,2260412,Revisão I,Comissões,NA,NA,camara,FALSE
camara,2260412,Revisão I,Plenário,NA,NA,camara,FALSE
camara,2260412,Pré-Revisão II,,NA,NA,camara,FALSE
camara,2260412,Revisão II,Comissões,NA,NA,camara,FALSE
camara,2260412,Revisão II,Plenário,NA,NA,camara,FALSE
camara,2260412,Sanção/Veto,Presidência da República,NA,NA,presidência da república,FALSE
camara,2260412,Avaliação dos Vetos,Congresso,NA,NA,congresso,FALSE
camara,2260423,Pré-Construção,,NA,NA,camara,FALSE
camara,2260423,Construção,Comissões,NA,NA,camara,FALSE
camara,2260423,Construção,Plenário,NA,NA,camara,FALSE
camara,2260423,Pré-Revisão I,,NA,NA,camara,FALSE
camara,2260423,Revisão I,Comissões,NA,NA,camara,FALSE
camara,2260423,Revisão I,Plenário,NA,NA,camara,FALSE
camara,2260423,Pré-Revisão II,,NA,NA,camara,FALSE
camara,2260423,Revisão II,Comissões,NA,NA,camara,FALSE
camara,2260423,Revisão II,Plenário,NA,NA,camara,FALSE
camara,2260423,Sanção/Veto,Presidência da República,NA,NA,presidência da república,FALSE
camara,2260423,Avaliação dos Vetos,Congresso,NA,NA,congresso,FALSE
camara,2260511,Pré-Construção,,NA,NA,camara,FALSE
camara,2260511,Construção,Comissões,NA,NA,camara,FALSE
camara,2260511,Construção,Plenário,NA,NA,camara,FALSE
camara,2260511,Pré-Revisão I,,NA,NA,camara,FALSE
camara,2260511,Revisão I,Comissões,NA,NA,camara,FALSE
camara,2260511,Revisão I,Plenário,NA,NA,camara,FALSE
camara,2260511,Pré-Revisão II,,NA,NA,camara,FALSE
camara,2260511,Revisão II,Comissões,NA,NA,camara,FALSE
camara,2260511,Revisão II,Plenário,NA,NA,camara,FALSE
camara,2260511,Sanção/Veto,Presidência da República,NA,NA,presidência da república,FALSE
camara,2260511,Avaliação dos Vetos,Congresso,NA,NA,congresso,FALSE
camara,2261195,Pré-Construção,,NA,NA,camara,FALSE
camara,2261195,Construção,Comissões,NA,NA,camara,FALSE
camara,2261195,Construção,Plenário,NA,NA,camara,FALSE
camara,2261195,Pré-Revisão I,,NA,NA,camara,FALSE
camara,2261195,Revisão I,Comissões,NA,NA,camara,FALSE
camara,2261195,Revisão I,Plenário,NA,NA,camara,FALSE
camara,2261195,Pré-Revisão II,,NA,NA,camara,FALSE
camara,2261195,Revisão II,Comissões,NA,NA,camara,FALSE
camara,2261195,Revisão II,Plenário,NA,NA,camara,FALSE
camara,2261195,Sanção/Veto,Presidência da República,NA,NA,presidência da república,FALSE
camara,2261195,Avaliação dos Vetos,Congresso,NA,NA,congresso,FALSE
camara,2262079,Pré-Construção,,NA,NA,camara,FALSE
camara,2262079,Construção,Comissões,NA,NA,camara,FALSE
camara,2262079,Construção,Plenário,NA,NA,camara,FALSE
camara,2262079,Pré-Revisão I,,NA,NA,camara,FALSE
camara,2262079,Revisão I,Comissões,NA,NA,camara,FALSE
camara,2262079,Revisão I,Plenário,NA,NA,camara,FALSE
camara,2262079,Pré-Revisão II,,NA,NA,camara,FALSE
camara,2262079,Revisão II,Comissões,NA,NA,camara,FALSE
camara,2262079,Revisão II,Plenário,NA,NA,camara,FALSE
camara,2262079,Sanção/Veto,Presidência da República,NA,NA,presidência da república,FALSE
camara,2262079,Avaliação dos Vetos,Congresso,NA,NA,congresso,FALSE
camara,2262788,Pré-Construção,,NA,NA,camara,FALSE
camara,2262788,Construção,Comissões,NA,NA,camara,FALSE
camara,2262788,Construção,Plenário,NA,NA,camara,FALSE
camara,2262788,Pré-Revisão I,,NA,NA,camara,FALSE
camara,2262788,Revisão I,Comissões,NA,NA,camara,FALSE
camara,2262788,Revisão I,Plenário,NA,NA,camara,FALSE
camara,2262788,Pré-Revisão II,,NA,NA,camara,FALSE
camara,2262788,Revisão II,Comissões,NA,NA,camara,FALSE
camara,2262788,Revisão II,Plenário,NA,NA,camara,FALSE
camara,2262788,Sanção/Veto,Presidência da República,NA,NA,presidência da república,FALSE
camara,2262788,Avaliação dos Vetos,Congresso,NA,NA,congresso,FALSE
camara,2263378,Pré-Construção,,NA,NA,camara,FALSE
camara,2263378,Construção,Comissões,NA,NA,camara,FALSE
camara,2263378,Construção,Plenário,NA,NA,camara,FALSE
camara,2263378,Pré-Revisão I,,NA,NA,camara,FALSE
camara,2263378,Revisão I,Comissões,NA,NA,camara,FALSE
camara,2263378,Revisão I,Plenário,NA,NA,camara,FALSE
camara,2263378,Pré-Revisão II,,NA,NA,camara,FALSE
camara,2263378,Revisão II,Comissões,NA,NA,camara,FALSE
camara,2263378,Revisão II,Plenário,NA,NA,camara,FALSE
camara,2263378,Sanção/Veto,Presidência da República,NA,NA,presidência da república,FALSE
camara,2263378,Avaliação dos Vetos,Congresso,NA,NA,congresso,FALSE
camara,2263463,Pré-Construção,,NA,NA,camara,FALSE
camara,2263463,Construção,Comissões,NA,NA,camara,FALSE
camara,2263463,Construção,Plenário,NA,NA,camara,FALSE
camara,2263463,Pré-Revisão I,,NA,NA,camara,FALSE
camara,2263463,Revisão I,Comissões,NA,NA,camara,FALSE
camara,2263463,Revisão I,Plenário,NA,NA,camara,FALSE
camara,2263463,Pré-Revisão II,,NA,NA,camara,FALSE
camara,2263463,Revisão II,Comissões,NA,NA,camara,FALSE
camara,2263463,Revisão II,Plenário,NA,NA,camara,FALSE
camara,2263463,Sanção/Veto,Presidência da República,NA,NA,presidência da república,FALSE
camara,2263463,Avaliação dos Vetos,Congresso,NA,NA,congresso,FALSE
camara,2263448,Pré-Construção,,NA,NA,camara,FALSE
camara,2263448,Construção,Comissões,NA,NA,camara,FALSE
camara,2263448,Construção,Plenário,NA,NA,camara,FALSE
camara,2263448,Pré-Revisão I,,NA,NA,camara,FALSE
camara,2263448,Revisão I,Comissões,NA,NA,camara,FALSE
camara,2263448,Revisão I,Plenário,NA,NA,camara,FALSE
camara,2263448,Pré-Revisão II,,NA,NA,camara,FALSE
camara,2263448,Revisão II,Comissões,NA,NA,camara,FALSE
camara,2263448,Revisão II,Plenário,NA,NA,camara,FALSE
camara,2263448,Sanção/Veto,Presidência da República,NA,NA,presidência da república,FALSE
camara,2263448,Avaliação dos Vetos,Congresso,NA,NA,congresso,FALSE
camara,2263453,Pré-Construção,,NA,NA,camara,FALSE
camara,2263453,Construção,Comissões,NA,NA,camara,FALSE
camara,2263453,Construção,Plenário,NA,NA,camara,FALSE
camara,2263453,Pré-Revisão I,,NA,NA,camara,FALSE
camara,2263453,Revisão I,Comissões,NA,NA,camara,FALSE
camara,2263453,Revisão I,Plenário,NA,NA,camara,FALSE
camara,2263453,Pré-Revisão II,,NA,NA,camara,FALSE
camara,2263453,Revisão II,Comissões,NA,NA,camara,FALSE
camara,2263453,Revisão II,Plenário,NA,NA,camara,FALSE
camara,2263453,Sanção/Veto,Presidência da República,NA,NA,presidência da república,FALSE
camara,2263453,Avaliação dos Vetos,Congresso,NA,NA,congresso,FALSE
camara,2263461,Pré-Construção,,NA,NA,camara,FALSE
camara,2263461,Construção,Comissões,NA,NA,camara,FALSE
camara,2263461,Construção,Plenário,NA,NA,camara,FALSE
camara,2263461,Pré-Revisão I,,NA,NA,camara,FALSE
camara,2263461,Revisão I,Comissões,NA,NA,camara,FALSE
camara,2263461,Revisão I,Plenário,NA,NA,camara,FALSE
camara,2263461,Pré-Revisão II,,NA,NA,camara,FALSE
camara,2263461,Revisão II,Comissões,NA,NA,camara,FALSE
camara,2263461,Revisão II,Plenário,NA,NA,camara,FALSE
camara,2263461,Sanção/Veto,Presidência da República,NA,NA,presidência da república,FALSE
camara,2263461,Avaliação dos Vetos,Congresso,NA,NA,congresso,FALSE
camara,2263588,Pré-Construção,,NA,NA,camara,FALSE
camara,2263588,Construção,Comissões,NA,NA,camara,FALSE
camara,2263588,Construção,Plenário,NA,NA,camara,FALSE
camara,2263588,Pré-Revisão I,,NA,NA,camara,FALSE
camara,2263588,Revisão I,Comissões,NA,NA,camara,FALSE
camara,2263588,Revisão I,Plenário,NA,NA,camara,FALSE
camara,2263588,Pré-Revisão II,,NA,NA,camara,FALSE
camara,2263588,Revisão II,Comissões,NA,NA,camara,FALSE
camara,2263588,Revisão II,Plenário,NA,NA,camara,FALSE
camara,2263588,Sanção/Veto,Presidência da República,NA,NA,presidência da república,FALSE
camara,2263588,Avaliação dos Vetos,Congresso,NA,NA,congresso,FALSE
camara,2263589,Pré-Construção,,NA,NA,camara,FALSE
camara,2263589,Construção,Comissões,NA,NA,camara,FALSE
camara,2263589,Construção,Plenário,NA,NA,camara,FALSE
camara,2263589,Pré-Revisão I,,NA,NA,camara,FALSE
camara,2263589,Revisão I,Comissões,NA,NA,camara,FALSE
camara,2263589,Revisão I,Plenário,NA,NA,camara,FALSE
camara,2263589,Pré-Revisão II,,NA,NA,camara,FALSE
camara,2263589,Revisão II,Comissões,NA,NA,camara,FALSE
camara,2263589,Revisão II,Plenário,NA,NA,camara,FALSE
camara,2263589,Sanção/Veto,Presidência da República,NA,NA,presidência da república,FALSE
camara,2263589,Avaliação dos Vetos,Congresso,NA,NA,congresso,FALSE
camara,2263619,Pré-Construção,,NA,NA,camara,FALSE
camara,2263619,Construção,Comissões,NA,NA,camara,FALSE
camara,2263619,Construção,Plenário,NA,NA,camara,FALSE
camara,2263619,Pré-Revisão I,,NA,NA,camara,FALSE
camara,2263619,Revisão I,Comissões,NA,NA,camara,FALSE
camara,2263619,Revisão I,Plenário,NA,NA,camara,FALSE
camara,2263619,Pré-Revisão II,,NA,NA,camara,FALSE
camara,2263619,Revisão II,Comissões,NA,NA,camara,FALSE
camara,2263619,Revisão II,Plenário,NA,NA,camara,FALSE
camara,2263619,Sanção/Veto,Presidência da República,NA,NA,presidência da república,FALSE
camara,2263619,Avaliação dos Vetos,Congresso,NA,NA,congresso,FALSE
camara,2263650,Pré-Construção,,NA,NA,camara,FALSE
camara,2263650,Construção,Comissões,NA,NA,camara,FALSE
camara,2263650,Construção,Plenário,NA,NA,camara,FALSE
camara,2263650,Pré-Revisão I,,NA,NA,camara,FALSE
camara,2263650,Revisão I,Comissões,NA,NA,camara,FALSE
camara,2263650,Revisão I,Plenário,NA,NA,camara,FALSE
camara,2263650,Pré-Revisão II,,NA,NA,camara,FALSE
camara,2263650,Revisão II,Comissões,NA,NA,camara,FALSE
camara,2263650,Revisão II,Plenário,NA,NA,camara,FALSE
camara,2263650,Sanção/Veto,Presidência da República,NA,NA,presidência da república,FALSE
camara,2263650,Avaliação dos Vetos,Congresso,NA,NA,congresso,FALSE
camara,2263735,Pré-Construção,,NA,NA,camara,FALSE
camara,2263735,Construção,Comissões,NA,NA,camara,FALSE
camara,2263735,Construção,Plenário,NA,NA,camara,FALSE
camara,2263735,Pré-Revisão I,,NA,NA,camara,FALSE
camara,2263735,Revisão I,Comissões,NA,NA,camara,FALSE
camara,2263735,Revisão I,Plenário,NA,NA,camara,FALSE
camara,2263735,Pré-Revisão II,,NA,NA,camara,FALSE
camara,2263735,Revisão II,Comissões,NA,NA,camara,FALSE
camara,2263735,Revisão II,Plenário,NA,NA,camara,FALSE
camara,2263735,Sanção/Veto,Presidência da República,NA,NA,presidência da república,FALSE
camara,2263735,Avaliação dos Vetos,Congresso,NA,NA,congresso,FALSE
camara,2263777,Pré-Construção,,NA,NA,camara,FALSE
camara,2263777,Construção,Comissões,NA,NA,camara,FALSE
camara,2263777,Construção,Plenário,NA,NA,camara,FALSE
camara,2263777,Pré-Revisão I,,NA,NA,camara,FALSE
camara,2263777,Revisão I,Comissões,NA,NA,camara,FALSE
camara,2263777,Revisão I,Plenário,NA,NA,camara,FALSE
camara,2263777,Pré-Revisão II,,NA,NA,camara,FALSE
camara,2263777,Revisão II,Comissões,NA,NA,camara,FALSE
camara,2263777,Revisão II,Plenário,NA,NA,camara,FALSE
camara,2263777,Sanção/Veto,Presidência da República,NA,NA,presidência da república,FALSE
camara,2263777,Avaliação dos Vetos,Congresso,NA,NA,congresso,FALSE
camara,2264071,Pré-Construção,,NA,NA,camara,FALSE
camara,2264071,Construção,Comissões,NA,NA,camara,FALSE
camara,2264071,Construção,Plenário,NA,NA,camara,FALSE
camara,2264071,Pré-Revisão I,,NA,NA,camara,FALSE
camara,2264071,Revisão I,Comissões,NA,NA,camara,FALSE
camara,2264071,Revisão I,Plenário,NA,NA,camara,FALSE
camara,2264071,Pré-Revisão II,,NA,NA,camara,FALSE
camara,2264071,Revisão II,Comissões,NA,NA,camara,FALSE
camara,2264071,Revisão II,Plenário,NA,NA,camara,FALSE
camara,2264071,Sanção/Veto,Presidência da República,NA,NA,presidência da república,FALSE
camara,2264071,Avaliação dos Vetos,Congresso,NA,NA,congresso,FALSE
camara,2264202,Pré-Construção,,NA,NA,camara,FALSE
camara,2264202,Construção,Comissões,NA,NA,camara,FALSE
camara,2264202,Construção,Plenário,NA,NA,camara,FALSE
camara,2264202,Pré-Revisão I,,NA,NA,camara,FALSE
camara,2264202,Revisão I,Comissões,NA,NA,camara,FALSE
camara,2264202,Revisão I,Plenário,NA,NA,camara,FALSE
camara,2264202,Pré-Revisão II,,NA,NA,camara,FALSE
camara,2264202,Revisão II,Comissões,NA,NA,camara,FALSE
camara,2264202,Revisão II,Plenário,NA,NA,camara,FALSE
camara,2264202,Sanção/Veto,Presidência da República,NA,NA,presidência da república,FALSE
camara,2264202,Avaliação dos Vetos,Congresso,NA,NA,congresso,FALSE
camara,2264242,Pré-Construção,,NA,NA,camara,FALSE
camara,2264242,Construção,Comissões,NA,NA,camara,FALSE
camara,2264242,Construção,Plenário,NA,NA,camara,FALSE
camara,2264242,Pré-Revisão I,,NA,NA,camara,FALSE
camara,2264242,Revisão I,Comissões,NA,NA,camara,FALSE
camara,2264242,Revisão I,Plenário,NA,NA,camara,FALSE
camara,2264242,Pré-Revisão II,,NA,NA,camara,FALSE
camara,2264242,Revisão II,Comissões,NA,NA,camara,FALSE
camara,2264242,Revisão II,Plenário,NA,NA,camara,FALSE
camara,2264242,Sanção/Veto,Presidência da República,NA,NA,presidência da república,FALSE
camara,2264242,Avaliação dos Vetos,Congresso,NA,NA,congresso,FALSE
camara,2264352,Pré-Construção,,NA,NA,camara,FALSE
camara,2264352,Construção,Comissões,NA,NA,camara,FALSE
camara,2264352,Construção,Plenário,NA,NA,camara,FALSE
camara,2264352,Pré-Revisão I,,NA,NA,camara,FALSE
camara,2264352,Revisão I,Comissões,NA,NA,camara,FALSE
camara,2264352,Revisão I,Plenário,NA,NA,camara,FALSE
camara,2264352,Pré-Revisão II,,NA,NA,camara,FALSE
camara,2264352,Revisão II,Comissões,NA,NA,camara,FALSE
camara,2264352,Revisão II,Plenário,NA,NA,camara,FALSE
camara,2264352,Sanção/Veto,Presidência da República,NA,NA,presidência da república,FALSE
camara,2264352,Avaliação dos Vetos,Congresso,NA,NA,congresso,FALSE
camara,2265025,Pré-Construção,,NA,NA,camara,FALSE
camara,2265025,Construção,Comissões,NA,NA,camara,FALSE
camara,2265025,Construção,Plenário,NA,NA,camara,FALSE
camara,2265025,Pré-Revisão I,,NA,NA,camara,FALSE
camara,2265025,Revisão I,Comissões,NA,NA,camara,FALSE
camara,2265025,Revisão I,Plenário,NA,NA,camara,FALSE
camara,2265025,Pré-Revisão II,,NA,NA,camara,FALSE
camara,2265025,Revisão II,Comissões,NA,NA,camara,FALSE
camara,2265025,Revisão II,Plenário,NA,NA,camara,FALSE
camara,2265025,Sanção/Veto,Presidência da República,NA,NA,presidência da república,FALSE
camara,2265025,Avaliação dos Vetos,Congresso,NA,NA,congresso,FALSE
camara,2265572,Pré-Construção,,NA,NA,camara,FALSE
camara,2265572,Construção,Comissões,NA,NA,camara,FALSE
camara,2265572,Construção,Plenário,NA,NA,camara,FALSE
camara,2265572,Pré-Revisão I,,NA,NA,camara,FALSE
camara,2265572,Revisão I,Comissões,NA,NA,camara,FALSE
camara,2265572,Revisão I,Plenário,NA,NA,camara,FALSE
camara,2265572,Pré-Revisão II,,NA,NA,camara,FALSE
camara,2265572,Revisão II,Comissões,NA,NA,camara,FALSE
camara,2265572,Revisão II,Plenário,NA,NA,camara,FALSE
camara,2265572,Sanção/Veto,Presidência da República,NA,NA,presidência da república,FALSE
camara,2265572,Avaliação dos Vetos,Congresso,NA,NA,congresso,FALSE
camara,2265667,Pré-Construção,,NA,NA,camara,FALSE
camara,2265667,Construção,Comissões,NA,NA,camara,FALSE
camara,2265667,Construção,Plenário,NA,NA,camara,FALSE
camara,2265667,Pré-Revisão I,,NA,NA,camara,FALSE
camara,2265667,Revisão I,Comissões,NA,NA,camara,FALSE
camara,2265667,Revisão I,Plenário,NA,NA,camara,FALSE
camara,2265667,Pré-Revisão II,,NA,NA,camara,FALSE
camara,2265667,Revisão II,Comissões,NA,NA,camara,FALSE
camara,2265667,Revisão II,Plenário,NA,NA,camara,FALSE
camara,2265667,Sanção/Veto,Presidência da República,NA,NA,presidência da república,FALSE
camara,2265667,Avaliação dos Vetos,Congresso,NA,NA,congresso,FALSE
camara,2266103,Pré-Construção,,NA,NA,camara,FALSE
camara,2266103,Construção,Comissões,NA,NA,camara,FALSE
camara,2266103,Construção,Plenário,NA,NA,camara,FALSE
camara,2266103,Pré-Revisão I,,NA,NA,camara,FALSE
camara,2266103,Revisão I,Comissões,NA,NA,camara,FALSE
camara,2266103,Revisão I,Plenário,NA,NA,camara,FALSE
camara,2266103,Pré-Revisão II,,NA,NA,camara,FALSE
camara,2266103,Revisão II,Comissões,NA,NA,camara,FALSE
camara,2266103,Revisão II,Plenário,NA,NA,camara,FALSE
camara,2266103,Sanção/Veto,Presidência da República,NA,NA,presidência da república,FALSE
camara,2266103,Avaliação dos Vetos,Congresso,NA,NA,congresso,FALSE
camara,2266108,Pré-Construção,,NA,NA,camara,FALSE
camara,2266108,Construção,Comissões,NA,NA,camara,FALSE
camara,2266108,Construção,Plenário,NA,NA,camara,FALSE
camara,2266108,Pré-Revisão I,,NA,NA,camara,FALSE
camara,2266108,Revisão I,Comissões,NA,NA,camara,FALSE
camara,2266108,Revisão I,Plenário,NA,NA,camara,FALSE
camara,2266108,Pré-Revisão II,,NA,NA,camara,FALSE
camara,2266108,Revisão II,Comissões,NA,NA,camara,FALSE
camara,2266108,Revisão II,Plenário,NA,NA,camara,FALSE
camara,2266108,Sanção/Veto,Presidência da República,NA,NA,presidência da república,FALSE
camara,2266108,Avaliação dos Vetos,Congresso,NA,NA,congresso,FALSE
camara,2266316,Pré-Construção,,NA,NA,camara,FALSE
camara,2266316,Construção,Comissões,NA,NA,camara,FALSE
camara,2266316,Construção,Plenário,NA,NA,camara,FALSE
camara,2266316,Pré-Revisão I,,NA,NA,camara,FALSE
camara,2266316,Revisão I,Comissões,NA,NA,camara,FALSE
camara,2266316,Revisão I,Plenário,NA,NA,camara,FALSE
camara,2266316,Pré-Revisão II,,NA,NA,camara,FALSE
camara,2266316,Revisão II,Comissões,NA,NA,camara,FALSE
camara,2266316,Revisão II,Plenário,NA,NA,camara,FALSE
camara,2266316,Sanção/Veto,Presidência da República,NA,NA,presidência da república,FALSE
camara,2266316,Avaliação dos Vetos,Congresso,NA,NA,congresso,FALSE
camara,2266284,Pré-Construção,,NA,NA,camara,FALSE
camara,2266284,Construção,Comissões,NA,NA,camara,FALSE
camara,2266284,Construção,Plenário,NA,NA,camara,FALSE
camara,2266284,Pré-Revisão I,,NA,NA,camara,FALSE
camara,2266284,Revisão I,Comissões,NA,NA,camara,FALSE
camara,2266284,Revisão I,Plenário,NA,NA,camara,FALSE
camara,2266284,Pré-Revisão II,,NA,NA,camara,FALSE
camara,2266284,Revisão II,Comissões,NA,NA,camara,FALSE
camara,2266284,Revisão II,Plenário,NA,NA,camara,FALSE
camara,2266284,Sanção/Veto,Presidência da República,NA,NA,presidência da república,FALSE
camara,2266284,Avaliação dos Vetos,Congresso,NA,NA,congresso,FALSE
senado,145213,Pré-Construção,,NA,NA,senado,FALSE
senado,145213,Construção,Comissões,NA,NA,senado,FALSE
senado,145213,Construção,Plenário,NA,NA,senado,FALSE
senado,145213,Pré-Revisão I,,NA,NA,senado,FALSE
senado,145213,Revisão I,Comissões,NA,NA,senado,FALSE
senado,145213,Revisão I,Plenário,NA,NA,senado,FALSE
senado,145213,Pré-Revisão II,,NA,NA,senado,FALSE
senado,145213,Revisão II,Comissões,NA,NA,senado,FALSE
senado,145213,Revisão II,Plenário,NA,NA,senado,FALSE
senado,145213,Sanção/Veto,Presidência da República,NA,NA,presidência da república,FALSE
senado,145213,Avaliação dos Vetos,Congresso,NA,NA,congresso,FALSE
