Proposições;Ementa;Classificação Bruno;Autor;UF;Partido;Apresentação;Situação;Link;Norma Atacada;Norma atacada foi emitida no Governo Bolsonaro?;Norma parcial ou integralmente atacada;Dispositivos atacados (para parciais);Dentro do escopo do relatório?;;;;;;;;;;;;
PDL 36/2019;Susta dispositivos do Decreto nº 6.514, de 22 de julho de 2008, que dispõe sobre as infrações e sanções administrativas ao meio ambiente, estabelece o processo administrativo federal para apuração destas infrações, e dá outras providências, e a Instrução Normativa ibama nº 3, de 23 de janeiro de 2018, que estabelece os procedimentos para a aplicação da medida cautelar de destruição ou inutilização de produtos, subprodutos ou instrumentos utilizados na prática da infração ambiental.;Meio Ambiente;José Medeiros;MT;PODE;14/02/2019;Aguardando Parecer;http://www.camara.gov.br/proposicoesWeb/fichadetramitacao?idProposicao=2192263;Decreto nº 6.514, de 22 de julho de 2008 e Instrução Normativa ibama nº 3, de 23 de janeiro de 2018;Não;Parcial - Decreto 6.514  Integral - Instrução Normativa  3/2018;"Inciso VII do art. 3º; incisos II e V do art. 101; art. 108; art. 111; incisos IV e V do art. 134 do Decreto";Não;;;;;;;;;;;;
PDL 378/2019;"Susta os efeitos do Decreto nº 9.805, de 28 de maio de 2019, que ""Altera o Decreto nº 99.274, de 6 de junho de 1990, para dispor sobre a composição e o funcionamento do Conselho Nacional do Meio Ambiente - conama.";Meio Ambiente;José Guimarães;CE;PT;06/03/2019;Tramitando em Conjunto - Apensado ao PDL 340/2019;http://www.camara.gov.br/proposicoesWeb/fichadetramitacao?idProposicao=2206105;Decreto nº 9.806, de 28 de maio de 2019,  que altera o Decreto nº 99.274, de 6 de junho de 1990;Sim;Integral;N/A;Sim;;;;;;;;;;;;
PDL 71/2019;Susta os efeitos do Decreto do Presidente da República, de 19 de abril de 2007, sem número, que homologa a demarcação administrativa da Terra indígena Apyterewa, localizada no Município de São Félix do Xingu, no Estado do Pará.;Indígenas;Paulo Bengtson;PA;PTB;20/03/2019;Tramitando em Conjunto - Apensado ao PDC 348/2016;http://www.camara.gov.br/proposicoesWeb/fichadetramitacao?idProposicao=2194820;Decreto do Presidente da República, de 19 de abril de 2007, sem número;Não;Integral;N/A;Não;;;;;;;;;;;;
PDL 596/2019;"Susta os efeitos do Decreto nº 9.760, de 11 de abril de 2019, que ""Altera o Decreto nº 6.514, de 22 de julho de 2008, que dispõe sobre as infrações e sanções administrativas ao meio ambiente e estabelece o processo administrativo federal para apuração destas infrações"".";Meio Ambiente;José Guimarães;CE;PT;09/03/2019;Retirado pelo Autor;http://www.camara.gov.br/proposicoesWeb/fichadetramitacao?idProposicao=2218177;Decreto nº 9.760, de 11 de abril de 2019 que altera o Decreto nº 6.514, de 22 de julho de 2008;Sim;Integral;N/A;Não;;;;;;;;;;;;
PDL 719/2019;"Susta a aplicação do Decreto n° 10.140, de 28 de novembro de 2019, que ""Altera o Decreto nº 8.505, de 20 de agosto de 2015, que dispõe sobre o Programa Áreas Protegidas da Amazônia - ARPA"".";Amazônia;Airton Faleiro;PA;PT;12/03/2019;Aguardando Designação de Relator;http://www.camara.gov.br/proposicoesWeb/fichadetramitacao?idProposicao=2231711;Decreto n° 10.140, de 28 de novembro de 2019;Sim;Integral;N/A;Sim;;;;;;;;;;;;
PDL 202/2019;Susta, nos termos do inciso V do art. 49 da Constituição Federal, os efeitos do Decreto nº 9.760, de 11 de abril de 2019, que altera o Decreto nº 6.514, de 22 de julho de 2008, que dispõe sobre as infrações e sanções administrativas ao meio ambiente e estabelece o processo administrativo federal para apuração destas infrações.;Meio Ambiente;Senador Fabiano Contarato ;ES;REDE;23/04/2019;21/10/2020 - AGUARDANDO DESIGNAÇÃO DO RELATOR;https://www25.senado.leg.br/web/atividade/materias/-/materia/136417;Decreto nº 9.760, de 11 de abril de 2019, que altera o Decreto nº 6.514, de 22 de julho de 2008,;Sim;Integral;N/A;Sim;;;;;;;;;;;;
PDL 229/2019;"Susta a aplicação do Decreto n° 9.784, de 07 de maio de 2019"", que ""Declara a revogação, para fins do disposto no art. 16 da Lei Complementar nº 95, de 26 de fevereiro de 1998, e no art. 9º do Decreto nº 9.759, de 11 de abril de 2019, de decretos normativos"".";Meio Ambiente;Alessandro Molon;RJ;PSB;05/08/2019;Aguardando Parecer do Relator na Comissão de Constituição e Justiça e de Cidadania (CCJC);https://www.camara.leg.br/proposicoesWeb/fichadetramitacao?idProposicao=2200572&fichaAmigavel=nao;Decreto n° 9.784, de 07 de maio de 2019;Sim;Integral;N/A;Sim;;;;;;;;;;;;
PDL 344/2019;Susta parcialmente o Decreto nº 275, de 27 de outubro de 1991, para excluir o assentamento Nova Floresta da área demarcada como reserva indígena Uru-eu-wau-wau, localizada no Estado de Rondônia.;Indígenas;Mauro Nazif;RO;PSB;29/05/2019;Retirado pelo Autor;http://www.camara.gov.br/proposicoesWeb/fichadetramitacao?idProposicao=2205527;Decreto nº 275, de 27 de outubro de 1991;Não;Parcial;Parte do art. 2º;Não;;;;;;;;;;;;
PDL 114/2019;"Susta, nos termos do art. 49, V, da Constituição Federal, o Decreto nº 9.760, de 11 de abril de 2019, que altera o Decreto nº 6.514, de 22 de julho de 2008, que ""dispõe sobre as infrações e sanções administrativas ao meio ambiente e estabelece o processo administrativo federal para apuração destas infrações."".";Meio Ambiente;"Paulo Pimenta;Alexandre Padilha;Arlindo Chinaglia;Assis Carvalho;Benedita da Silva;Beto Faro;Bohn Gass;Carlos Veras;Carlos Zarattini;Célio Moura;Enio Verri;Erika Kokay;Frei Anastacio Ribeiro;Gleisi Hoffmann;Helder Salomão;Henrique Fontana;João Daniel;Jorge Solla;José Airton Félix Cirilo;José Guimarães;José Ricardo;Joseildo Ramos;Leonardo Monteiro;Luizianne Lins;Marcon;Margarida Salomão;Maria do Rosário;Marília Arraes;Merlong Solano;Natália Bonavides;Nelson Pellegrino;Nilto Tatto;Odair Cunha;Padre João;Patrus Ananias;Paulão;Paulo Guedes;Paulo Teixeira;Pedro Uczai;Professora Rosa Neide;Reginaldo Lopes;Rejane Dias;Rogério Correia;Rubens Otoni;Rui Falcão;Valmir Assunção;Vander Loubet;Vicentinho;Waldenor Pereira;Zé Carlos;Zé Neto;Zeca Dirceu";"RS;SP;SP;PI;RJ;PA;RS;PE;SP;TO;PR;DF;PB;PR;ES;RS;SE;BA;CE;CE;AM;BA;MG;CE;RS;MG;RS;PE;PI;RN;BA;SP;MG;MG;MG;AL;MG;SP;SC;MT;MG;PI;MG;GO;SP;BA;MS;SP;BA;MA;BA;PR";"PT;PT;PT;PT;PT;PT;PT;PT;PT;PT;PT;PT;PT;PT;PT;PT;PT;PT;PT;PT;PT;PT;PT;PT;PT;PT;PT;PT;PT;PT;PT;PT;PT;PT;PT;PT;PT;PT;PT;PT;PT;PT;PT;PT;PT;PT;PT;PT;PT;PT;PT;PT";04/12/2019;Pronta para Pauta;http://www.camara.gov.br/proposicoesWeb/fichadetramitacao?idProposicao=2197956;Decreto nº 9.760, de 11 de abril de 2019 que altera o Decreto nº 6.514, de 22 de julho de 2008;Sim;Integral;N/A;Sim;;;;;;;;;;;;
PDL 423/2020;"Susta os efeitos do item ""B, do Plano 3.4"", da Portaria no 354, de 29 de setembro de 2020 do Ministério de Minas e Energia, que aprova o Programa Mineração e Desenvolvimento - PMD.";Mineração/Indígena;Joenia Wapichana;RR;REDE;10/01/2020;Aguardando Autorização Devolução;http://www.camara.gov.br/proposicoesWeb/fichadetramitacao?idProposicao=2263650;Portaria no 354, de 29 de setembro de 2020 do Ministério de Minas e Energia;Sim;Parcial;"Item B, do Plano 3.4 (B. Promover a regulamentação da mineração em terra indígena);";Sim;;;;;;;;;;;;
PDL 432/2020;Susta os efeitos da Portaria nº 524, de 1º de outubro de 2020, que institui, no âmbito do Ministério do Meio Ambiente e entidades vinculadas, grupo de trabalho para análise de sinergias e ganhos de eficiência em caso de fusão entre o Instituto Brasileiro do Meio Ambiente e dos Recursos Naturais Renováveis - ibama e o Instituto Chico Mendes de Conservação da Biodiversidade - Instituto Chico Mendes.;Meio Ambiente;André Figueiredo;CE;PDT;10/02/2020;Aguardando Despacho do Presidente da Câmara dos Deputados;http://www.camara.gov.br/proposicoesWeb/fichadetramitacao?idProposicao=2263735;Portaria nº 524, de 1º de outubro de 2020;Sim;Integral;N/A;Sim;;;;;;;;;;;;
PDL 37/2020;Susta o Decreto nº 10.224, de 5 de fevereiro de 2020, que revoga o Decreto nº 3.524, de 26 de junho de 2000 e o Decreto nº 6.985, de 20 de outubro de 2009, que regulamenta a Lei nº 7.797, de 10 de julho de 1989, que cria o Fundo Nacional do Meio Ambiente.;Meio Ambiente;Senador Rogério Carvalho, Senador Paulo Rocha, Senador Humberto Costa, Senador Jaques Wagner, Senadora Zenaide Maia , Senador Jean Paul Prates, Senador Paulo Paim;"SE; PA; PE; BA; RN; RS";"PT; PT; PT; PT; PT; PT; PROS";11/02/2020;11/02/2020 - AGUARDANDO DESIGNAÇÃO DO RELATOR;https://www25.senado.leg.br/web/atividade/materias/-/materia/140619;Decreto nº 10.224, de 5 de fevereiro de 2020, que revoga o Decreto nº 3.524, de 26 de junho de 2000 e o Decreto nº 6.985, de 20 de outubro de 2009, que regulamenta a Lei nº 7.797, de 10 de julho de 1989, que cria o Fundo Nacional do Meio Ambiente.;Sim;Integral;N/A;Sim;;;;;;;;;;;;
PDL 36/2020;Susta o Decreto Presidencial nº 10.224, de 5 de fevereiro de 2020, que Regulamenta a Lei nº 7.797, de 10 de julho de 1989, que cria o Fundo Nacional do Meio Ambiente.;Meio Ambiente;Senador Randolfe Rodrigues;AP;REDE;11/02/2020;11/02/2020 - AGUARDANDO DESIGNAÇÃO DO RELATOR;https://www25.senado.leg.br/web/atividade/materias/-/materia/140618;Decreto Presidencial nº 10.224, de 5 de fevereiro de 2020, que Regulamenta a Lei nº 7.797, de 10 de julho de 1989;Sim;Integral;N/A;Sim;;;;;;;;;;;;
PDL 597/2019;Susta a Instrução Normativa n° 76, de 30 de novembro de 2018, emitida pelo Ministério da agricultura, Pecuária e Abastecimento.;Agropecuária;Marcon;RS;PT;09/03/2019;Aguardando Parecer;http://www.camara.gov.br/proposicoesWeb/fichadetramitacao?idProposicao=2218243;Instrução Normativa n° 76, de 30 de novembro de 2018, do Ministério da agricultura, Pecuária e Abastecimento.;Não;Integral;N/A;Não;;;;;;;;;;;;
PDL 598/2019;Susta a Instrução Normativa n° 77, de 30 de novembro de 2018, emitida pelo Ministério da agricultura, Pecuária e Abastecimento.;Agropecuária;Marcon;RS;PT;09/03/2019;Aguardando Parecer;http://www.camara.gov.br/proposicoesWeb/fichadetramitacao?idProposicao=2218244;Instrução Normativa n° 77, de 30 de novembro de 2018, emitida pelo Ministério da agricultura, Pecuária e Abastecimento.;Não;Integral;N/A;Não;;;;;;;;;;;;
PDL 59/2020;Susta o Decreto nº 10.235, de 11 de fevereiro de 2020, que altera o Decreto nº 4.703, de 21 de maio de 2003, que dispõe sobre o Programa Nacional da Diversidade Biológica - PRONABIO e a Comissão Nacional da Biodiversidade e revoga o caput, inciso III, alíneas “a” a “e” do inciso X, incisos XII, XV, XVII do art. 6º e incisos VI a XX do caput do art. 7º do Decreto nº 4.703/2003.;Meio Ambiente;Senador Rogério Carvalho, Senador Paulo Rocha, Senadora Zenaide Maia, Senador Jean Paul Prates, Senador Jaques Wagner, Senador Paulo Paim ;"SE; PA; RN; BA; RS";"PT; PT; PT; PT; PT; PROS";18/02/2020;18/02/2020 - AGUARDANDO DESIGNAÇÃO DO RELATOR;https://www25.senado.leg.br/web/atividade/materias/-/materia/140754;Decreto nº 10.235, de 11 de fevereiro de 2020, que altera o Decreto nº 4.703, de 21 de maio de 2003;Sim;Integral;N/A;Sim;;;;;;;;;;;;
PDL 636/2019;Susta os efeitos do § 6º do Art. 53-L da Resolução Normativa nº 414, de 9 de setembro de 2010, da Agência Nacional de Energia Elétrica  - ANEEL que exige licenciamento ambiental e outorga de direito de uso de recursos hídricos para a concessão de benefício tarifário para as atividades rurais de aquicultura e irrigação.;Meio Ambiente;Benes Leocádio;RN;REPUBLIC;18/09/2019;Aguardando Parecer;http://www.camara.gov.br/proposicoesWeb/fichadetramitacao?idProposicao=2220973;Resolução Normativa nº 414, de 9 de setembro de 2010, alterada pela Resolução Normativa no 800, de 19 de dezembro de 2017.;Não;Parcial;§ 6º do Art. 53-L;Não;;;;;;;;;;;;
PDL 67/2020;Susta, nos termos do inciso V do art. 49 da Constituição Federal, a Portaria nº 50, de 21 de janeiro de 2016, do Ministério da Justiça/Fundação Nacional do Índio, e a Portaria nº 17, de 9 de janeiro de 2019, do Ministério da Mulher, da Família e dos Direitos Humanos/Fundação Nacional do Índio/Diretoria de Proteção Territorial.;Indígenas;Senador Zequinha Marinho;PA;PSC;04/03/2020;11/03/2020 - MATÉRIA COM A RELATORIA;https://www25.senado.leg.br/web/atividade/materias/-/materia/140895;Portaria nº 50, de 21 de janeiro de 2016, do Ministério da Justiça/Fundação Nacional do Índio, e a Portaria nº 17, de 9 de janeiro de 2019, do Ministério da Mulher, da Família e dos Direitos Humanos/Fundação Nacional do Índio/Diretoria de Proteção Territorial.;Sim;Integral;N/A;Sim;;;;;;;;;;;;
PDL 85/2020;Susta a Instrução Normativa nº 7, de 21 de Fevereiro de 2020 do Instituto Brasileiro do Meio Ambiente e do Recursos Naturais Renováveis (IBAMA) que estabelece controle a posteriori para a exportação de madeiras, indicadas no Anexo II.;Meio Ambiente;Senador Rogério Carvalho, Senador Paulo Rocha, Senador Jean Paul Prates, Senador Paulo Paim, Senador Humberto Costa, Senador Jaques Wagner, Senadora Zenaide Maia ;"SE; PA; RN; RS; BA; PE";"PT; PT; PT; PT; PT; PROS";12/03/2020;13/03/2020 - AGUARDANDO DESIGNAÇÃO DO RELATOR;https://www25.senado.leg.br/web/atividade/materias/-/materia/141084;Instrução Normativa nº 9, de 16 de abril de 2020, do Ministério da Justiça/Fundação Nacional do Índio;Sim;Integral;N/A;Sim;;;;;;;;;;;;
PDL 28/2019;Exclui da Área indígena São Marcos a área urbana da sede do Município de Pacaraima (RR).;Indígenas;Senado Federal - Mecias de Jesus;RR;PRB;11/07/2019;Aguardando Análise de Parecer;http://www.camara.gov.br/proposicoesWeb/fichadetramitacao?idProposicao=2229142;Não é um Decreto que susta nenhum ato do governo - sem norma atacada;Não;N/A;N/A;Não;;;;;;;;;;;;
PDL 519/2020;Susta a Portaria Conjunta nº 1, da Secretaria Especial de Assuntos Fundiários do Ministério da agricultura, Pecuária e Abastecimento e do Instituto Nacional de Colonização e Reforma Agrária (INCRA), de 2 de dezembro de 2020, que “Institui o Programa Titula Brasil e dispõe sobre seus objetivos e forma de implementação”.;Agropecuária;Alessandro Molon;RJ;PSB;12/04/2020;Aguardando Despacho do Presidente da Câmara dos Deputados;http://www.camara.gov.br/proposicoesWeb/fichadetramitacao?idProposicao=2266103;Portaria Conjunta nº 1, da Secretaria Especial de Assuntos Fundiários do Ministério da agricultura, Pecuária e Abastecimento e do Instituto Nacional de Colonização e Reforma Agrária (INCRA), de 2 de dezembro de 2020;Sim;Integral;N/A;Sim;;;;;;;;;;;;
PDL 520/2020;Susta os efeitos da Portaria Conjunta nº 1, de 2 de dezembro de 2020 que “Institui o Programa Titula Brasil e dispõe sobre seus objetivos e forma de implementação”.;Meio Ambiente;João Daniel;SE;PT;12/04/2020;Aguardando Despacho do Presidente da Câmara dos Deputados. Será apensado ao PDL 519/2020;http://www.camara.gov.br/proposicoesWeb/fichadetramitacao?idProposicao=2266108;Portaria Conjunta nº 1, da Secretaria Especial de Assuntos Fundiários do Ministério da agricultura, Pecuária e Abastecimento e do Instituto Nacional de Colonização e Reforma Agrária (INCRA), de 2 de dezembro de 2020;Sim;Integral;N/A;Sim;;;;;;;;;;;;
PDL 187/2020;Susta a Instrução Normativa nº 9, de 16 de abril de 2020, do Ministério da Justiça/Fundação Nacional do Índio, que “Disciplina o requerimento, análise e emissão da Declaração de Reconhecimento de Limites em relação a imóveis privados.”;Indígenas;Senador Randolfe Rodrigues ;AP;REDE;30/04/2020;30/04/2020 - Secretaria de Atas e Diários;https://www25.senado.leg.br/web/atividade/materias/-/materia/141764;Instrução Normativa nº 9, de 16 de abril de 2020, do Ministério da Justiça/Fundação Nacional do Índio;Sim;Integral;N/A;Sim;;;;;;;;;;;;
PDL 356/2020;Susta os efeitos da Portaria nº 341, de 30 de julho de 2020, do Ministro de Estado do Meio ambiente, que aprova o Regimento Interno da Comissão Executiva para Controle do Desmatamento Ilegal e Recuperação da Vegetação Nativa - CONAVEG, instituída pelo Decreto nº 10.142, de 28 de novembro de 2019.;Meio Ambiente;José Guimarães;CE;PT;08/05/2020;Aguardando Autorização Devolução;http://www.camara.gov.br/proposicoesWeb/fichadetramitacao?idProposicao=2259427;Portaria nº 341, de 30 de julho de 2020, do Ministro de Estado do Meio ambiente;Sim;Integral;N/A;Sim;;;;;;;;;;;;
PDL 718/2019;"Susta a Portaria Interministerial Mdic - MMA nº 79, de 29 de dezembro de 2017, que ""Revoga a Instrução Normativa ibama nº 129, de 30 de outubro de 2006"".";Meio Ambiente;Raimundo Costa;BA;PL;12/03/2019;Aguardando Designação de Relator;http://www.camara.gov.br/proposicoesWeb/fichadetramitacao?idProposicao=2231622;Portaria Interministerial Mdic - MMA nº 79, de 29 de dezembro de 2017;Não;Integral;N/A;Não;;;;;;;;;;;;
PDL 439/2020;Susta as decisões da Reunião Ordinária n° 135 do Conselho Nacional do Meio Ambiente (conama), que alterou a Resolução conama n.º 264/1999, e revogou as Resoluções conama n.ºs 284/2001, 302/2002 e 303/2002.;Meio Ambiente;"Rodrigo Agostinho;Professor Israel Batista;Erika Kokay;Nilto Tatto;Patrus Ananias;João H. Campos;Camilo Capiberibe;Rafael Motta;Vilson da Fetaemg;Professora Rosa Neide;Ted Conti;Jorge Solla;Marcelo Freixo;Gonzaga Patriota;Júlio Delgado;Joenia Wapichana;Frei Anastacio Ribeiro;Túlio Gadêlha;Enio Verri;Tadeu Alencar;Carlos Veras;Reginaldo Lopes;Paulo Teixeira;Luiza Erundina;Sâmia Bomfim;Edmilson Rodrigues;Célio Studart;Bira do Pindaré;Danilo Cabral";"SP;DF;DF;SP;MG;PE;AP;RN;MG;MT;ES;BA;RJ;PE;MG;RR;PB;PE;PR;PE;PE;MG;SP;SP;SP;PA;CE;MA;PE";"PSB;PV;PT;PT;PT;PSB;PSB;PSB;PSB;PT;PSB;PT;PSOL;PSB;PSB;REDE;PT;PDT;PT;PSB;PT;PT;PT;PSOL;PSOL;PSOL;PV;PSB;PSB";10/05/2020;Aguardando Despacho do Presidente da Câmara dos Deputados. Será apensado ao PDL 414/2020;http://www.camara.gov.br/proposicoesWeb/fichadetramitacao?idProposicao=2263777;Decisões da Reunião Ordinária n° 135 do Conselho Nacional do Meio Ambiente (conama), que alterou a Resolução conama n.º 264/1999, e revogou as Resoluções conama n.ºs 284/2001, 302/2002 e 303/2002.;Sim;Integral;N/A;Sim;;;;;;;;;;;;
PDL 226/2020;Susta o Decreto n° 10.347, de 13 de maio de 2020, que dispõe sobre as competências para a concessão de florestas públicas, em âmbito federal.;Meio ambiente;Senador Rogério Carvalho ;SE;PT;15/05/2020;15/05/2020 - Secretaria de Atas e Diários;https://www25.senado.leg.br/web/atividade/materias/-/materia/141968;Decreto n° 10.347, de 13 de maio de 2020;Sim;Integral;N/A;Sim;;;;;;;;;;;;
PDL 32/2020;Susta os efeitos do Decreto n.º 10.224, de 5 de fevereiro de 2020, que regulamenta a Lei nº 7.797, de 10 de julho de 1989, que cria o Fundo Nacional do Meio ambiente.;Meio Ambiente;Rodrigo Agostinho;SP;PSB;02/06/2020;Tramitando em Conjunto - Apensado ao PDL 28/2020;http://www.camara.gov.br/proposicoesWeb/fichadetramitacao?idProposicao=2236840;Decreto n.º 10.224, de 5 de fevereiro de 2020;Sim;Integral;N/A;Sim;;;;;;;;;;;;
PDL 28/2020;Susta os efeitos do Decreto nº 10.224, de 2020, regulamenta a Lei nº 7.797, de 10 de julho de 1989, que cria o Fundo Nacional do Meio ambiente.;Meio Ambiente;Jandira Feghali;RJ;PCdoB;02/06/2020;Aguardando Designação de Relator;http://www.camara.gov.br/proposicoesWeb/fichadetramitacao?idProposicao=2236761;Decreto nº 10.224, de 05 de fevereiro de 2020;Sim;Integral;N/A;Sim;;;;;;;;;;;;
PDL 359/2020;Susta os efeitos do Decreto nº 10.142, de 28 de novembro de 2019, que institui a Comissão Executiva para Controle do Desmatamento Ilegal e Recuperação da Vegetação Nativa.;Meio Ambiente;José Guimarães;CE;PT;08/06/2020;Aguardando Autorização Devolução;http://www.camara.gov.br/proposicoesWeb/fichadetramitacao?idProposicao=2259673;Decreto nº 10.142, de 28 de novembro de 2019;Sim;Integral;N/A;Sim;;;;;;;;;;;;
PDL 360/2020;“Susta a Portaria 341, de 30 de julho de 2020 – do Ministério do Meio ambiente - que “Aprova o Regimento Interno da Comissão Executiva para Controle do Desmatamento Ilegal e Recuperação da Vegetação Nativa - CONAVEG, instituída pelo Decreto nº 10.142, de 28 de novembro de 2019 e parcialmente os efeitos do Decreto nº 10.142, de 28 de novembro de 2019, que “institui a Comissão Executiva para Controle do Desmatamento Ilegal e Recuperação da Vegetação Nativa.”;Meio Ambiente;Nereu Crispim;RS;PSL;08/06/2020;Aguardando Autorização Devolução;http://www.camara.gov.br/proposicoesWeb/fichadetramitacao?idProposicao=2259680;Portaria 341, de 30 de julho de 2020 – do Ministério do Meio ambiente;Sim;Integral;N/A;Sim;;;;;;;;;;;;
PDL 361/2020;"Sustam os efeitos da Resolução CPPI nº 126, de 10 de junho de 2020, Publicado no Diário Oficial da União em 04/08/2020 que “Opina pela criação e qualificação da Política de Apoio ao Licenciamento Ambiental de Projetos de Investimentos para a Produção de Minerais Estratégicos - ""Pró-Minerais Estratégicos"", no âmbito do Programa de Parcerias de Investimentos - PPI.”";Mineração;"João Daniel;Célio Moura;Nilto Tatto;Patrus Ananias;Valmir Assunção;Marcon;Frei Anastacio Ribeiro;Airton Faleiro";"SE;TO;SP;MG;BA;RS;PB;PA";"PT;PT;PT;PT;PT;PT;PT;PT";08/06/2020;Aguardando Autorização Devolução;http://www.camara.gov.br/proposicoesWeb/fichadetramitacao?idProposicao=2259684;Resolução CPPI nº 126, de 10 de junho de 2020;Sim;Integral;N/A;Sim;;;;;;;;;;;;
PDL 528/2020;Susta os efeitos da Portaria Conjunta nº 1, de 02 de dezembro de 2020, que institui o Programa Titula Brasil e dispõe sobre seus objetivos e formas de implementação.;Meio Ambiente;"Sâmia Bomfim;David Miranda;Marcelo Freixo;Talíria Petrone;Edmilson Rodrigues;Glauber Braga;Ivan Valente;Fernanda Melchionna;Luiza Erundina;Áurea Carolina";"SP;RJ;RJ;RJ;PA;RJ;SP;RS;SP;MG";"PSOL;PSOL;PSOL;PSOL;PSOL;PSOL;PSOL;PSOL;PSOL;PSOL";12/08/2020;Aguardando Despacho do Presidente da Câmara dos Deputados. Será apensado ao PDL 519/2020;http://www.camara.gov.br/proposicoesWeb/fichadetramitacao?idProposicao=2266316;Portaria Conjunta nº 1, da Secretaria Especial de Assuntos Fundiários do Ministério da agricultura, Pecuária e Abastecimento e do Instituto Nacional de Colonização e Reforma Agrária (INCRA), de 2 de dezembro de 2020;Sim;Integral;N/A;Sim;;;;;;;;;;;;
PDL 526/2020;Sustam a Portaria Conjunta nº 1, de 2 de dezembro de 2020, ue institui o Programa Titula Brasil e dispõe sobre seus objetivos e formas de implementação, e a Portaria n.º 26, de 4 de dezembro de 2020.;Meio Ambiente;Rodrigo Agostinho;SP;PSB;12/08/2020;Aguardando Despacho do Presidente da Câmara dos Deputados. Será apensado ao PDL 519/2020;http://www.camara.gov.br/proposicoesWeb/fichadetramitacao?idProposicao=2266284;Portaria Conjunta nº 1, da Secretaria Especial de Assuntos Fundiários do Ministério da agricultura, Pecuária e Abastecimento e do Instituto Nacional de Colonização e Reforma Agrária (INCRA), de 2 de dezembro de 2020;Sim;Integral;N/A;Sim;;;;;;;;;;;;
PDL 418/2020;Susta a Resolução do CONAMA – Conselho Nacional do Meio Ambiente, que revoga as Resoluções CONAMA 284/2001, 302/2002 e 303/2002.;Meio Ambiente;Senador Jaques Wagner, Senador Rogério Carvalho, Senador Humberto Costa, Senador Paulo Rocha;"BA; SE; PE; PA";"PT; PT; PT; PT";28/09/2020;29/09/2020 - Plenário do Senado Federal (Secretaria Legislativa do Senado Federal);https://www25.senado.leg.br/web/atividade/materias/-/materia/144966;Resolução no 500, de 28 de setembro de 2020, do Conselho Nacional do Meio Ambiente – CONAMA.;Sim;Integral;N/A;Sim;;;;;;;;;;;;
PDL 33/2020;Susta, nos termos do art. 49, V, da Constituição Federal, a aplicacão do Decreto nº 10.224, de 5 de fevereiro de 2020, que regulamenta a Lei nº 7.797, de 10 de julho de 1989, que cria o Fundo Nacional do Meio ambiente.;Meio Ambiente;Tabata Amaral;SP;PDT;02/11/2020;Tramitando em Conjunto - Apensado ao PDL 28/2020;http://www.camara.gov.br/proposicoesWeb/fichadetramitacao?idProposicao=2236893;Decreto nº 10.224, de 05 de fevereiro de 2020;Sim;Integral;N/A;Sim;;;;;;;;;;;;
PDL 41/2020;Susta o Decreto 10.224, de 5 de fevereiro de 2020, que regulamenta a Lei nº 7.797, de 10 de julho de 1989, que cria o Fundo Nacional do Meio ambiente.;Meio Ambiente;Célio Studart;CE;PV;02/11/2020;Tramitando em Conjunto - Apensado ao PDL 28/2020;http://www.camara.gov.br/proposicoesWeb/fichadetramitacao?idProposicao=2236958;Decreto nº 10.224, de 5 de fevereiro de 2020;Sim;Integral;N/A;Sim;;;;;;;;;;;;
PDL 39/2020;Susta os efeitos do Decreto n.º 10.224, de 5 de fevereiro de 2020, que esvazia a participação da sociedade civil no Fundo Nacional do Meio ambiente (FNMA);Meio Ambiente;Fernanda Melchionna;RS;PSOL;02/11/2020;Tramitando em Conjunto - Apensado ao PDL 28/2020;http://www.camara.gov.br/proposicoesWeb/fichadetramitacao?idProposicao=2236932;Decreto nº 10.224, de 5 de fevereiro de 2020;Sim;Integral;N/A;Sim;;;;;;;;;;;;
PDL 206/2020;Susta, nos termos do art. 49, inciso V, da Constituição Federal, os efeitos do parágrafo único do art. 4º do Decreto nº 10.341 de 06 de maio de 2020, que “autoriza o emprego das Forças Armadas na Garantia da Lei e da Ordem e em ações subsidiárias na faixa de fronteira, nas terras indígenas, nas unidades federais de conservação ambiental e em outras áreas federais nos Estados da Amazônia Legal”.;Indígenas;Tabata Amaral;SP;PDT;05/11/2020;Aguardando Autorização do Despacho;http://www.camara.gov.br/proposicoesWeb/fichadetramitacao?idProposicao=2252113;Decreto nº 10.341, de 06 de maio de 2020;Sim;Parcial; Art. 4º, parágrafo único;Sim;;;;;;;;;;;;
PDL 202/2020;Torna-se sem efeitos a Portaria nº 294, de 30 de abril de 2020, da Agência Nacional de Mineração, que “dispõe sobre a delegação de competência da Diretoria Colegiada ao Superintendente de Pesquisa e Recursos Minerais, ao Superintendente de Produção Mineral e ao Superintendente de Regulação e Governança Regulatória da Agência Nacional de Mineração -ANM, e dá outras providências”.;Mineração;Greyce Elias;MG;AVANTE;05/11/2020;Aguardando Autorização do Despacho;http://www.camara.gov.br/proposicoesWeb/fichadetramitacao?idProposicao=2252052;Portaria nº 294, de 30 de abril de 2020, da Agência Nacional de Mineração;Sim;Integral;N/A;Sim;;;;;;;;;;;;
PDL 366/2020;"""Susta o Decreto nº 10.451/2020.""";Meio Ambiente;Alessandro Molon;RJ;PSB;08/11/2020;Aguardando Autorização Devolução;http://www.camara.gov.br/proposicoesWeb/fichadetramitacao?idProposicao=2259826;Decreto nº 10.451/2020;Sim;Integral;N/A;Sim;;;;;;;;;;;;
PDL 398/2020;"Susta a Resolução nº 126, de 10 de junho de 2020, do Conselho do Programa de Parcerias de Investimentos (CPPI), que trata da criação da Política de Apoio ao Licenciamento Ambiental de Projetos de Investimentos para a Produção de Minerais Estratégicos - ""Pró-Minerais Estratégicos"".";Mineração;Alessandro Molon;RJ;PSB;09/11/2020;Aguardando Autorização Devolução. Será apensado ao PDL 361/2020;http://www.camara.gov.br/proposicoesWeb/fichadetramitacao?idProposicao=2262788;Resolução nº 126, de 10 de junho de 2020, do Conselho do Programa de Parcerias de Investimentos (CPPI);Sim;Integral;N/A;Sim;;;;;;;;;;;;
PDL 48/2020;Susta a aplicação do artigo 4º do Decreto 10.239, de 12 de fevereiro de 2020, que dispõe sobre o Conselho Nacional da Amazônia Legal.;Amazônia;Célio Studart;CE;PV;02/12/2020;Aguardando Designação de Relator;http://www.camara.gov.br/proposicoesWeb/fichadetramitacao?idProposicao=2237205;Decreto nº 10.239, de 12 de fevereiro de 2020;Sim;Parcial;Art. 4º;Sim;;;;;;;;;;;;
PDL 208/2020;"""Susta efeitos do Decreto 10.341, que Autoriza o emprego das Forças Armadas na Garantia da Lei e da Ordem e em ações subsidiárias na faixa de fronteira, nas terras indígenas, nas unidades federais de conservação ambiental e em outras áreas federais nos Estados da Amazônia Legal.""";Indígenas;Alessandro Molon;RJ;PSB;05/12/2020;Tramitando em Conjunto - Apensado ao PDL 206/2020;http://www.camara.gov.br/proposicoesWeb/fichadetramitacao?idProposicao=2252159;Decreto nº 10.341;Sim;Parcial;Art. 4º;Sim;;;;;;;;;;;;
PDL 525/2020;Susta, nos termos do inciso V do art. 49 da Constituição Federal, os efeitos da Portaria Conjunta nº 1, de 2 de dezembro de 2020, do Ministério da Agricultura, Pecuária e Abastecimento.;Agropecuária;Senador Fabiano Contarato ;ES;REDE;07/12/2020;07/12/2020 - Secretaria de Atas e Diários;https://www25.senado.leg.br/web/atividade/materias/-/materia/145734;Portaria Conjunta nº 1, de 2 de dezembro de 2020, do Ministério da Agricultura, Pecuária e Abastecimento.;Sim;Integral;N/A;Sim;;;;;;;;;;;;
PDL 310/2020;Susta a aplicação da Resolução - RDC nº 177, de 21 de setembro de 2017, da Agência Nacional de Vigilância Sanitária - ANVISA.;Agropecuária;Luiz Nishimori;PR;PL;30/06/2020;Aguardando Autorização do Despacho;http://www.camara.gov.br/proposicoesWeb/fichadetramitacao?idProposicao=2256399;Resolução - RDC nº 177, de 21 de setembro de 2017, da Agência Nacional de Vigilância Sanitária - ANVISA.;Não;Integral;N/A;Não;;;;;;;;;;;;
PDL 51/2020;Susta, nos termos do art. 49, V, da Constituição  Federal, o Decreto nº 10.239, de 11 de fevereiro de 2020, que dispõe sobre o Conselho Nacional da Amazônia - conamaZ.;Meio Ambiente;"José Ricardo;Airton Faleiro";"AM;PA";"PT;PT";13/02/2020;Tramitando em Conjunto - Apensado ao PDL 48/2020;http://www.camara.gov.br/proposicoesWeb/fichadetramitacao?idProposicao=2237358;Decreto nº 10.239, de 11 de fevereiro de 2020;Sim;Integral;N/A;Sim;;;;;;;;;;;;
PDL 370/2020;Susta os efeitos da RESOLUÇÃO Nº 494, DE 11 DE AGOSTO DE 2020 - Estabelece, em caráter excepcional e temporário, nos casos de licenciamento ambiental, a possibilidade de realização de audiência pública de forma remota, por meio da Rede Mundial de Computadores, durante o período da pandemia do Novo Coronavírus (COVID-19).;Meio Ambiente;"Padre João;João Daniel;Beto Faro;Valmir Assunção;Pedro Uczai;Paulo Teixeira;Patrus Ananias;Helder Salomão;Frei Anastacio Ribeiro;Gleisi Hoffmann;Nilto Tatto;Célio Moura;Afonso Florence;Enio Verri;Leonardo Monteiro;Alencar Santana Braga;Professora Rosa Neide;Alexandre Padilha;Vander Loubet;Erika Kokay;Maria do Rosário;Vicentinho;José Guimarães;Marcon;Rogério Correia;Zé Carlos;Carlos Veras";"MG;SE;PA;BA;SC;SP;MG;ES;PB;PR;SP;TO;BA;PR;MG;SP;MT;SP;MS;DF;RS;SP;CE;RS;MG;MA;PE";"PT;PT;PT;PT;PT;PT;PT;PT;PT;PT;PT;PT;PT;PT;PT;PT;PT;PT;PT;PT;PT;PT;PT;PT;PT;PT;PT";13/08/2020;Aguardando Despacho do Presidente da Câmara dos Deputados;http://www.camara.gov.br/proposicoesWeb/fichadetramitacao?idProposicao=2260423;RESOLUÇÃO Nº 494, DE 11 DE AGOSTO DE 2020;Sim;Integral;N/A;Sim;;;;;;;;;;;;
PDL 260/2019;"Susta a aplicação do Decreto n° 9.784, de 07 de maio de 2019"", que ""Declara a revogação, para fins do disposto no art. 16 da Lei Complementar nº 95, de 26 de fevereiro de 1998, e no art. 9º do Decreto nº 9.759, de 11 de abril de 2019, de decretos normativos"".";Meio Ambiente;Airton Faleiro;PA;PT;14/05/2019;Apensado ao PDL 229/2019;https://www.camara.leg.br/proposicoesWeb/fichadetramitacao?idProposicao=2202983;Decreto n° 9.784, de 07 de maio de 2019;Sim;Integral;N/A;Sim;;;;;;;;;;;;
PDL 225/2020;Susta os efeitos do Decreto nº 10.347, de 13 de maio de 2020, da Presidência da República, que dispõe sobre as competências para a concessão de florestas públicas, em âmbito federal.;Meio Ambiente;"Fernanda Melchionna;Talíria Petrone;Ivan Valente;Glauber Braga;David Miranda;Marcelo Freixo;Sâmia Bomfim;Edmilson Rodrigues;Luiza Erundina;Áurea Carolina";"RS;RJ;SP;RJ;RJ;RJ;SP;PA;SP;MG";"PSOL;PSOL;PSOL;PSOL;PSOL;PSOL;PSOL;PSOL;PSOL;PSOL";14/05/2020;Tramitando em Conjunto - Apensado ao PDL 220/2020;http://www.camara.gov.br/proposicoesWeb/fichadetramitacao?idProposicao=2252799;Decreto no 10.347, de 13 de maio de 2020;Sim;Integral;N/A;Sim;;;;;;;;;;;;
PDL 220/2020;Susta os efeitos do Decreto nº 10.347, de 13 de maio de 2020, da Presidência da República, que dispõe sobre as competências para a concessão de florestas públicas, em âmbito federal.;Meio Ambiente;"Alessandro Molon;Bira do Pindaré;Marcelo Nilo;Camilo Capiberibe;Heitor Schuch;Gonzaga Patriota;Tadeu Alencar;Vilson da Fetaemg;Denis Bezerra;Júlio Delgado;Danilo Cabral;Mauro Nazif;Lídice da Mata;João H. Campos;Gervásio Maia;Rafael Motta;Elias Vaz;Ted Conti;Aliel Machado;Rodrigo Agostinho";"RJ;MA;BA;AP;RS;PE;PE;MG;CE;MG;PE;RO;BA;PE;PB;RN;GO;ES;PR;SP";"PSB;PSB;PSB;PSB;PSB;PSB;PSB;PSB;PSB;PSB;PSB;PSB;PSB;PSB;PSB;PSB;PSB;PSB;PSB;PSB";14/05/2020;Aguardando Autorização do Despacho;http://www.camara.gov.br/proposicoesWeb/fichadetramitacao?idProposicao=2252619;Decreto no 10.347, de 13 de maio de 2020;Sim;Integral;N/A;Sim;;;;;;;;;;;;
PDL 130/2019;"""Susta o Decreto nº 9.760, de 11 de abril de 2019, que altera o Decreto nº 6.514, de 22 de julho de 2008, que dispõe sobre as infrações e sanções administrativas ao meio ambiente e estabelece o processo administrativo federal para apuração destas infrações. """;Meio Ambiente;Nilto Tatto;SP;PT;15/04/2019;Tramitando em Conjunto - Apensado ao PDL 114/2019;http://www.camara.gov.br/proposicoesWeb/fichadetramitacao?idProposicao=2198142;Decreto nº 9.760, de 11 de abril de 2019, que altera o Decreto nº 6.514, de 22 de julho de 2008;Sim;Integral;N/A;Sim;;;;;;;;;;;;
PDL 133/2019;"Susta os efeitos do Decreto nº 9.760, de 11 de abril de 2019, que ""Altera o Decreto nº 6.514, de 22 de julho de 2008, que dispõe sobre as infrações e sanções administrativas ao meio ambiente e estabelece o processo administrativo federal para apuração destas infrações"".";Meio Ambiente;José Guimarães;CE;PT;15/04/2019;Tramitando em Conjunto - Apensado ao PDL 114/2019;http://www.camara.gov.br/proposicoesWeb/fichadetramitacao?idProposicao=2198168;Decreto nº 9.760, de 11 de abril de 2019, que altera o Decreto nº 6.514, de 22 de julho de 2008;Sim;Integral;N/A;Sim;;;;;;;;;;;;
PDL 124/2019;Susta os efeitos do Decreto nº 9.760, de 11 de abril de 2019, que altera o Decreto nº 6.514, de 22 de julho de 2008, que dispõe sobre as infrações e sanções administrativas ao meio ambiente e estabelece o processo administrativo federal para apuração destas infrações.;Meio Ambiente;"Ivan Valente;Fernanda Melchionna;Áurea Carolina;Edmilson Rodrigues;Luiza Erundina;Glauber Braga;Marcelo Freixo;Talíria Petrone";"SP;RS;MG;PA;SP;RJ;RJ;RJ";"PSOL;PSOL;PSOL;PSOL;PSOL;PSOL;PSOL;PSOL";15/04/2019;Tramitando em Conjunto - Apensado ao PDL 114/2019;http://www.camara.gov.br/proposicoesWeb/fichadetramitacao?idProposicao=2198087;Decreto nº 9.760, de 11 de abril de 2019, que altera o Decreto nº 6.514, de 22 de julho de 2008;Sim;Integral;N/A;Sim;;;;;;;;;;;;
PDL 117/2019;Susta, nos termos do art. 49, V, da Constituição, a aplicação do Decreto nº 9.760, de 11 de abril de 2019.;Meio Ambiente;Helder Salomão;ES;PT;15/04/2019;Tramitando em Conjunto - Apensado ao PDL 114/2019;http://www.camara.gov.br/proposicoesWeb/fichadetramitacao?idProposicao=2197974;Decreto nº 9.760, de 11 de abril de 2019, que altera o Decreto nº 6.514, de 22 de julho de 2008;Sim;Integral;N/A;Sim;;;;;;;;;;;;
PDL 228/2020;Susta, nos termos do art. 49, V, da Constituição Federal, o Decreto nº 10.347, de 13 de maio de 2020, da Presidência da República.;Meio Ambiente;"Nilto Tatto;Enio Verri;João Daniel";"SP;PR;SE";"PT;PT;PT";18/05/2020;Tramitando em Conjunto - Apensado ao PDL 220/2020;http://www.camara.gov.br/proposicoesWeb/fichadetramitacao?idProposicao=2252883;Decreto no 10.347, de 13 de maio de 2020;Sim;Integral;N/A;Sim;;;;;;;;;;;;
PDL 61/2020;"Susta o Decreto nº 10.239, de 2020, que ""dispõe sobre o Conselho Nacional da Amazônia Legal"".";Amazônia;José Guimarães;CE;PT;19/02/2020;Tramitando em Conjunto - Apensado ao PDL 48/2020;http://www.camara.gov.br/proposicoesWeb/fichadetramitacao?idProposicao=2237825;Decreto nº 10.239, de 11 de fevereiro de 2020;Sim;Integral;N/A;Sim;;;;;;;;;;;;
PDL 235/2020;Susta os efeitos do Decreto no 10.347, de 13 de maio de 2020, da Presidência da República, que dispõe sobre as competências para a concessão de florestas públicas, em âmbito federal.;Meio Ambiente;Joenia Wapichana;RR;REDE;20/05/2020;Tramitando em Conjunto - Apensado ao PDL 220/2020;http://www.camara.gov.br/proposicoesWeb/fichadetramitacao?idProposicao=2253313;Decreto no 10.347, de 13 de maio de 2020;Sim;Integral;N/A;Sim;;;;;;;;;;;;
PDL 281/2019;Susta a aplicação dos dispositivos do Inciso XXVII, do Art. 1° e do Inciso XXXVI, do Artigo Único, do Decreto n° 9.784, de 07 de maio de 2019, revoga o Comitê Gestor do Plano de Desenvolvimento Regional Sustentável do Xingu.;Meio Ambiente;Airton Faleiro;PA;PT;21/05/2019;Tramitando em Conjunto - Apensado ao PDL 229/2019;http://www.camara.gov.br/proposicoesWeb/fichadetramitacao?idProposicao=2203903;Decreto n° 9.784, de 07 de maio de 2019, que altera o Decreto nº 6.514, de 22 de julho de 2008;Sim;Parcial;Inciso XXVII, do Art. 1° e Inciso XXXVI, do Artigo Único;Sim;;;;;;;;;;;;
PDL 452/2020;Susta, nos termos do inciso V do art. 49 da Constituição Federal, os efeitos da Resolução nº 499, de 6 de outubro, e da Resolução nº 500, de 21 de outubro, ambas de 2020, do Conselho Nacional do Meio Ambiente – CONAMA.;Meio Ambiente;Senador Fabiano Contarato e Senadora Mara Gabrili;"ES; SP";"REDE; PSDB";21/10/2020;21/10/2020 - Secretaria de Atas e Diários;https://www25.senado.leg.br/web/atividade/materias/-/materia/145213;Resolução nº 499, de 6 de outubro, e da Resolução nº 500, de 21 de outubro, ambas de 2020, do Conselho Nacional do Meio Ambiente – CONAMA.;Sim;Integral;N/A;Sim;;;;;;;;;;;;
PDL 92/2020;Susta, nos termos do art. 49, V, da Constituição Federal, o art. 4º da Portaria nº 419/PRES/FUNAI de 17 de Março de 2020, que estabelece medidas temporárias de prevenção à infecção e propagação do novo Coronavírus (COVID-19) no âmbito da FUNAI.;Indígenas;"José Ricardo;Airton Faleiro";"AM;PA";"PT;PT";23/03/2020;Aguardando Autorização Devolução;http://www.camara.gov.br/proposicoesWeb/fichadetramitacao?idProposicao=2241699;Portaria nº 419/PRES/FUNAI de 17 de Março de 2020;Sim;Parcial;Art. 4º;Sim;;;;;;;;;;;;
PDL 294/2019;"Susta os efeitos da Portaria ibama n° 1.135, de 3 de abril de 2019, que ""Delega competência aos Diretores de Proteção Ambiental, de Uso Sustentável da Biodiversidade e Florestas, e de Planejamento, Administração e Logística deste Instituto, para os fins que especifica e dá outras providências.""";Meio Ambiente;Erika Kokay;DF;PT;23/05/2019;Aguardando Parecer;http://www.camara.gov.br/proposicoesWeb/fichadetramitacao?idProposicao=2204564;Portaria Ibama n° 1.135, de 3 de abril de 2019;Sim;Integral;N/A;Sim;;;;;;;;;;;;
PDL 408/2020;Susta a Resolução nº 46, de 8 de setembro de 2020, da Agência Nacional de Mineração.;Mineração;Nilto Tatto;SP;PT;24/09/2020;Aguardando Autorização do Despacho;http://www.camara.gov.br/proposicoesWeb/fichadetramitacao?idProposicao=2263378;Resolução nº 46, de 8 de setembro de 2020, da Agência Nacional de Mineração,  que altera o art. 1o da Resolução no 28, de 24 de março de 2020,;Sim;Integral;N/A;Sim;;;;;;;;;;;;
PDL 641/2019;Susta os efeitos da redação dada ao § 4º do artigo 41 da Portaria ibama nº 24, de 16 de agosto de 2016, pelo art. 1º da Portaria nº 3.326, de 12 de setembro de 2019, que altera o Regulamento Interno de Fiscalização Ambiental. ;Meio Ambiente;Ivan Valente;SP;PSOL;25/09/2019;Pronta para Pauta;http://www.camara.gov.br/proposicoesWeb/fichadetramitacao?idProposicao=2221765;Portaria ibama nº 24, de 16 de agosto de 2016, alterada pela Portaria nº 3.326, de 12 de setembro de 2019 (Regulamento Interno de Fiscalização Ambiental);Sim;Parcial;§ 4º do artigo 41;Sim;;;;;;;;;;;;
PDL 166/2020;Susta os efeitos da Instrução Normativa n° 9, de 16 de abril de 2020, da Fundação Nacional do Índio - FUNAI;Indígenas;Alessandro Molon;RJ;PSB;27/04/2020;Aguardando Autorização Devolução;http://www.camara.gov.br/proposicoesWeb/fichadetramitacao?idProposicao=2250646;Instrução Normativa n° 9, de 16 de abril de 2020, da Fundação Nacional do Índio - FUNAI;Sim;Integral;N/A;Sim;;;;;;;;;;;;
PDL 171/2020;Susta, nos termos do art. 49, V, da Constituição Federal, a Instrução Normativa nº 09/PRES/FUNAI de 22 de abril de 2020, que disciplina o requerimento, análise e emissão da Declaração de Reconhecimento de Limites em relação a imóveis privados.;Indígenas;José Ricardo;AM;PT;27/04/2020;Aguardando Autorização Devolução. Será apensado ao PDL 166/2020;http://www.camara.gov.br/proposicoesWeb/fichadetramitacao?idProposicao=2250702;Instrução Normativa n° 9, de 16 de abril de 2020, da Fundação Nacional do Índio - FUNAI;Sim;Integral;N/A;Sim;;;;;;;;;;;;
PDL 247/2020;Susta os efeitos da Instrução Normativa nº 9, de 16 de abril de 2020 do Presidente da Fundação Nacional do Índio.;Indígenas;"Nilto Tatto;Professora Rosa Neide;Célio Moura;Marcon;Patrus Ananias;Valmir Assunção;João Daniel";"SP;MT;TO;RS;MG;BA;SE";"PT;PT;PT;PT;PT;PT;PT";28/05/2020;Aguardando Autorização Devolução;http://www.camara.gov.br/proposicoesWeb/fichadetramitacao?idProposicao=2254012;Instrução Normativa n° 9, de 16 de abril de 2020, da Fundação Nacional do Índio - FUNAI;Sim;Integral;N/A;Sim;;;;;;;;;;;;
PDL 382/2020;Susta os efeitos da Resolução N0. 24 de 03 de fevereiro de 2020 da Agência Nacional de Mineração, que Regulamenta o procedimento de disponibilidade de que tratam os artigos 26, 32 e 65, § 1º do Decreto-Lei nº 227, de 28 de fevereiro de 1967, e o art. 2º, inciso VII, da Lei nº 13.575, de 26 de dezembro de 2017 e do art. 46 do Decreto nº 9.406 de 12 de junho de 2018.;Mineração;Ricardo Izar;SP;PP;28/08/2020;Aguardando Encaminhamento;http://www.camara.gov.br/proposicoesWeb/fichadetramitacao?idProposicao=2261195;Resolução N0. 24 de 03 de fevereiro de 2020 da Agência Nacional de Mineração;Sim;Integral;N/A;Sim;;;;;;;;;;;;
PDL 417/2020;Susta as decisões da Reunião Ordinária n°135 do Conselho Nacional do Meio Ambiente (conama) que revogaram as resoluções nº 264, nº 284, nº 302 e nº 303, que dispõem sobre o licenciamento ambiental para atividades de irrigação e a ocupação de Áreas de Preservação Permanente (APPs) de manguezais e restingas, e institui nova Resolução que permite a incineração de resíduos perigosos.;Meio Ambiente;"Sâmia Bomfim;Marcelo Freixo;Luiza Erundina;Edmilson Rodrigues;David Miranda;Ivan Valente;Talíria Petrone;Fernanda Melchionna;Áurea Carolina;Glauber Braga";"SP;RJ;SP;PA;RJ;SP;RJ;RS;MG;RJ";"PSOL;PSOL;PSOL;PSOL;PSOL;PSOL;PSOL;PSOL;PSOL;PSOL";28/09/2020;Aguardando Autorização do Despacho. Será apensado ao PDL 414/2020;http://www.camara.gov.br/proposicoesWeb/fichadetramitacao?idProposicao=2263463;Decisões da Reunião Ordinária n° 135 do Conselho Nacional do Meio Ambiente (conama), que alterou a Resolução conama n.º 264/1999, e revogou as Resoluções conama n.ºs 284/2001, 302/2002 e 303/2002.;Sim;Integral;N/A;Sim;;;;;;;;;;;;
PDL 25/2019;Exclui da Área Indígena WAIMIRIATROARI o leito da BR 174, no Estado de Roraima.;Indígenas;Senador Mecias de Jesus;RR;PRB;11/02/2019;N/A;https://www25.senado.leg.br/web/atividade/materias/-/materia/135165;Não é um Decreto que susta nenhum ato do governo - sem norma atacada;Não;N/A;N/A;Não;;;;;;;;;;;;
PDL 28/2019;Exclui da Terra Indígena São Marcos a área urbana da sede do Município de Pacaraima, no Estado de Roraima.;Indígenas;Senador Mecias de Jesus ;RR;PRB;11/02/2019;N/A;https://www25.senado.leg.br/web/atividade/materias/-/materia/135175;Não é um Decreto que susta nenhum ato do governo - sem norma atacada;Não;N/A;N/A;Não;;;;;;;;;;;;
PDL 414/2020;Susta a Resolução conama, do Conselho Nacional do Meio Ambiente, que revoga as Resoluções conama 284/2001, 302/2002 e 303/2002.;Meio Ambiente;"Alessandro Molon;Túlio Gadêlha;Vilson da Fetaemg;João H. Campos;Tadeu Alencar;Júlio Delgado;Rafael Motta;Camilo Capiberibe;Ted Conti;Aliel Machado;Marcelo Nilo;Gervásio Maia;Heitor Schuch;Bira do Pindaré;Danilo Cabral;Rodrigo Agostinho;Lídice da Mata;Elias Vaz;Denis Bezerra";"RJ;PE;MG;PE;PE;MG;RN;AP;ES;PR;BA;PB;RS;MA;PE;SP;BA;GO;CE";"PSB;PDT;PSB;PSB;PSB;PSB;PSB;PSB;PSB;PSB;PSB;PSB;PSB;PSB;PSB;PSB;PSB;PSB;PSB";28/09/2020;Aguardando Autorização do Despacho;http://www.camara.gov.br/proposicoesWeb/fichadetramitacao?idProposicao=2263448;Resolução no 500, de 29 de setembro de 2020, do Conselho Nacional do Meio Ambiente – CONAMA, que revoga as Resoluções conama 284/2001, 302/2002 e 303/2002.;Sim;Integral;N/A;Sim;;;;;;;;;;;;
PDL 415/2020;Susta a Resolução conama, do Conselho Nacional do Meio Ambiente, que revoga as Resoluções conama 284/2001, 302/2002 e 303/2002.;Meio Ambiente;"José Guimarães;Jandira Feghali;Enio Verri;João H. Campos;Marcelo Freixo;Paulo Teixeira;Túlio Gadêlha;Carlos Veras;Afonso Florence;Beto Faro;Maria do Rosário;Waldenor Pereira;Bohn Gass;Alexandre Padilha;Rogério Correia;Airton Faleiro;Helder Salomão;Patrus Ananias;Marcon;Nilto Tatto;Natália Bonavides;Marília Arraes;Vicentinho;Célio Moura;Margarida Salomão;João Daniel;Rui Falcão;Luizianne Lins;Professora Rosa Neide;Pedro Uczai;Frei Anastacio Ribeiro;Vander Loubet;Paulão;Leonardo Monteiro;Gleisi Hoffmann;Valmir Assunção;Paulo Guedes;Padre João;Merlong Solano;Alencar Santana Braga;Rubens Otoni;Erika Kokay;Joseildo Ramos;Jorge Solla";"CE;RJ;PR;PE;RJ;SP;PE;PE;BA;PA;RS;BA;RS;SP;MG;PA;ES;MG;RS;SP;RN;PE;SP;TO;MG;SE;SP;CE;MT;SC;PB;MS;AL;MG;PR;BA;MG;MG;PI;SP;GO;DF;BA;BA";"PT;PCdoB;PT;PSB;PSOL;PT;PDT;PT;PT;PT;PT;PT;PT;PT;PT;PT;PT;PT;PT;PT;PT;PT;PT;PT;PT;PT;PT;PT;PT;PT;PT;PT;PT;PT;PT;PT;PT;PT;PT;PT;PT;PT;PT;PT";28/09/2020;Aguardando Autorização do Despacho. Será apensado ao PDL 414/2020;http://www.camara.gov.br/proposicoesWeb/fichadetramitacao?idProposicao=2263453;Resolução no 500, de 29 de setembro de 2020, do Conselho Nacional do Meio Ambiente – CONAMA, que revoga as Resoluções conama 284/2001, 302/2002 e 303/2002.;Sim;Integral;N/A;Sim;;;;;;;;;;;;
PDL 416/2020;Susta os efeitos da Resolução nº 500 do Conselho Nacional do Meio Ambiente – conama, que revoga as Resoluções conama 284/2001, 302/2002 e 303/2002.;Meio Ambiente;"Jandira Feghali;Alice Portugal;Perpétua Almeida";"RJ;BA;AC";"PCdoB;PCdoB;PCdoB";28/09/2020;Aguardando Autorização do Despacho. Será apensado ao PDL 414/2020;http://www.camara.gov.br/proposicoesWeb/fichadetramitacao?idProposicao=2263461;Resolução nº 500 do Conselho Nacional do Meio Ambiente – conama, que revoga as Resoluções conama 284/2001, 302/2002 e 303/2002.;Sim;Integral;N/A;Sim;;;;;;;;;;;;
PDL 345/2019;Susta a aplicação do Decreto nº 9.806, de 28 de maio de 2019, que altera o Decreto nº 99.274, de 6 de junho de 1990, para dispor sobre a composição e o funcionamento do Conselho Nacional do Meio Ambiente - conama.;Meio Ambiente;Rodrigo Agostinho;SP;PSB;29/05/2019;Tramitando em Conjunto - Apensado ao PDL 340/2019;http://www.camara.gov.br/proposicoesWeb/fichadetramitacao?idProposicao=2205541;Decreto nº 9.806, de 28 de maio de 2019 que altera o Decreto nº 99.274, de 6 de junho de 1990;Sim;Integral;N/A;Sim;;;;;;;;;;;;
PDL 341/2019;Susta o Decreto nº 9.806, de 28 de maio de 2019, que altera o Decreto nº 99.274, de 6 de junho de 1990, para dispor sobre a composição e o funcionamento do Conselho Nacional do Meio Ambiente - conama.;Meio Ambiente;Célio Studart;CE;PV;29/05/2019;Tramitando em Conjunto - Apensado ao PDL 340/2019;http://www.camara.gov.br/proposicoesWeb/fichadetramitacao?idProposicao=2205479;Decreto nº 9.806, de 28 de maio de 2019,  que altera o Decreto nº 99.274, de 6 de junho de 1990;Sim;Integral;N/A;Sim;;;;;;;;;;;;
PDL 342/2019;"Susta os efeitos da aplicação do Decreto nº 9.806, de 28 de maio de 2019, que ""Altera o Decreto nº 99.274, de 6 de junho de 1990, para dispor sobre a composição e o funcionamento do Conselho Nacional do Meio Ambiente - conama"".";Meio Ambiente;Alessandro Molon;RJ;PSB;29/05/2019;Tramitando em Conjunto - Apensado ao PDL 340/2019;http://www.camara.gov.br/proposicoesWeb/fichadetramitacao?idProposicao=2205373;Decreto nº 9.806, de 28 de maio de 2019,  que altera o Decreto nº 99.274, de 6 de junho de 1990;Sim;Integral;N/A;Sim;;;;;;;;;;;;
PDL 340/2019;Susta os efeitos do Decreto nº 9.806, de 28 de maio de 2019, que altera o Decreto nº 99.274, para dispor sobre a composição e o funcionamento do Conselho Nacional do Meio Ambiente - conama.;Meio Ambiente;Ivan Valente;SP;PSOL;29/05/2019;Pronta para Pauta;http://www.camara.gov.br/proposicoesWeb/fichadetramitacao?idProposicao=2205388;Decreto nº 9.806, de 28 de maio de 2019,  que altera o Decreto nº 99.274, de 6 de junho de 1990;Sim;Integral;N/A;Sim;;;;;;;;;;;;
PDL 107/2020;Susta os efeitos do Decreto do Presidente da República, de 19 de abril de 2007, sem número, que homologa a demarcação administrativa da Terra Indígena Apyterewa, localizada no Município de São Félix do Xingu, no Estado do Pará, estabelecendo os seus reais limites.;Indígenas;Senador Zequinha Marinho ;PA;PSC;27/03/2020;18/03/2020 - Secretaria de Atas e Diários;https://www25.senado.leg.br/web/atividade/materias/-/materia/141227;Decreto do Presidente da República, de 19 de abril de 2007, sem número;Não;Integral;N/A;Não;;;;;;;;;;;;
PDL 362/2019;Susta, nos termos do art. 49, V, da Constituição Federal, o Decreto nº 9.806, de 28 de maio de 2019, do Poder Executivo, que altera o Decreto nº 99.274, de 6 de junho de 1990, para dispor sobre a composição e o funcionamento do Conselho Nacional do Meio Ambiente - conama.;Meio Ambiente;"Leonardo Monteiro;Paulo Pimenta;Nilto Tatto";"MG;RS;SP";"PT;PT;PT";30/05/2019;Tramitando em Conjunto - Apensado ao PDL 340/2019;http://www.camara.gov.br/proposicoesWeb/fichadetramitacao?idProposicao=2205833;Decreto nº 9.806, de 28 de maio de 2019,  que altera o Decreto nº 99.274, de 6 de junho de 1990;Sim;Integral;N/A;Sim;;;;;;;;;;;;
PDL 353/2019;Susta, nos termos do art. 49, V, da Constituição, o Decreto nº 9.806, de 28 de maio de 2019.;Meio Ambiente;Jandira Feghali;RJ;PCdoB;30/05/2019;Tramitando em Conjunto - Apensado ao PDL 340/2019;http://www.camara.gov.br/proposicoesWeb/fichadetramitacao?idProposicao=2205754;Decreto nº 9.806, de 28 de maio de 2019,  que altera o Decreto nº 99.274, de 6 de junho de 1990;Sim;Integral;N/A;Sim;;;;;;;;;;;;
PDL 419/2020;Susta os efeitos da portaria nº 354 de 28 de setembro de 2020, que aprova o Programa Mineração e Desenvolvimento - PMD e Designa a Secretaria de Geologia, Mineração e Transformação Mineral - SGM/MME como coordenadora da observância no cumprimento e no acompanhamento do Programa Mineração e Desenvolvimento - PMD.;Mineração;José Guimarães;CE;PT;30/09/2020;Aguardando Autorização Devolução;http://www.camara.gov.br/proposicoesWeb/fichadetramitacao?idProposicao=2263588;Portaria nº 354 de 28 de setembro de 2020;Sim;Integral;N/A;Sim;;;;;;;;;;;;
PDL 321/2020;Susta a aplicação da Resolução - RDC nº 177, de 21 de setembro de 2017, da Agência Nacional de Vigilância Sanitária - ANVISA.;Agropecuária;Senador Luis Carlos Heinze ;RS;PP;07/07/2020;30/07/2020 - RETIRADA PELO AUTOR;https://www25.senado.leg.br/web/atividade/materias/-/materia/143287;Resolução - RDC nº 177, de 21 de setembro de 2017, da Agência Nacional de Vigilância Sanitária - ANVISA.;Não;Integral;N/A;Não;;;;;;;;;;;;
PDL 318/2020;Susta a aplicação da Resolução - RDC nº 177, de 21 de setembro de 2017, da Agência Nacional de Vigilância Sanitária - ANVISA.;Agropecuária;Senador Luis Carlos Heinze;RS;PP;07/07/2020;08/07/2020 - RETIRADA PELO AUTOR;https://www25.senado.leg.br/web/atividade/materias/-/materia/143275;Resolução - RDC nº 177, de 21 de setembro de 2017, da Agência Nacional de Vigilância Sanitária - ANVISA.;Não;Integral;N/A;Não;;;;;;;;;;;;
PDL 404/2020;Susta a aplicação da Resolução - RDC nº 177, de 21 de setembro de 2017, da Agência Nacional de Vigilância Sanitária - ANVISA.;Agropecuária;Senador Luis Carlos Heinze;RS;PP;22/09/2020;22/09/2020 - Plenário do Senado Federal (Secretaria de Atas e Diários);https://www25.senado.leg.br/web/atividade/materias/-/materia/144851;Resolução - RDC nº 177, de 21 de setembro de 2017, da Agência Nacional de Vigilância Sanitária - ANVISA.;Não;Integral;N/A;Não;;;;;;;;;;;;
PDL 420/2020;Susta a aplicação Resolução 500 de 29 de setembro de 2020, do Conselho Nacional do Meio Ambiente - conama, que revoga as Resoluções conama 284/2001, 302/2002 e 303/2002.;Meio Ambiente;"Célio Studart;Professor Israel Batista;Professora Rosa Neide";"CE;DF;MT";"PV;PV;PT";30/09/2020;Aguardando Autorização do Despacho. Será apensado ao PDL 414/2020;http://www.camara.gov.br/proposicoesWeb/fichadetramitacao?idProposicao=2263589;Resolução 500 de 29 de setembro de 2020, do Conselho Nacional do Meio Ambiente - conama;Sim;Integral;N/A;Sim;;;;;;;;;;;;
PDL 421/2020;Susta a Resolução conama, do Conselho Nacional do Meio Ambiente, que revoga as Resoluções conama 302/2002 ,303/2002 ,284/2001 e 264/1999.;Meio Ambiente;Nilto Tatto;SP;PT;30/09/2020;Aguardando Autorização do Despacho. Será apensado ao PDL 414/2020;http://www.camara.gov.br/proposicoesWeb/fichadetramitacao?idProposicao=2263619;Resolução 500 de 29 de setembro de 2020, do Conselho Nacional do Meio Ambiente - conama;Sim;Integral;N/A;Sim;;;;;;;;;;;;
;;;;;;;;;;;;;;;;;;;;;;;;;
;;;;;;;;;;;;;;;;;;;;;;;;;
;;;;;;;;;;;;;;;;;;;;;;;;;
;;;;;;;;;;;;;;;;;;;;;;;;;
;;;;;;;;;;;;;;;;;;;;;;;;;
;;;;;;;;;;;;;;;;;;;;;;;;;
;;;;;;;;;;;;;;;;;;;;;;;;;
;;;;;;;;;;;;;;;;;;;;;;;;;
;;;;;;;;;;;;;;;;;;;;;;;;;
;;;;;;;;;;;;;;;;;;;;;;;;;
;;;;;;;;;;;;;;;;;;;;;;;;;
;;;;;;;;;;;;;;;;;;;;;;;;;
;;;;;;;;;;;;;;;;;;;;;;;;;
;;;;;;;;;;;;;;;;;;;;;;;;;
;;;;;;;;;;;;;;;;;;;;;;;;;
;;;;;;;;;;;;;;;;;;;;;;;;;
;;;;;;;;;;;;;;;;;;;;;;;;;
;;;;;;;;;;;;;;;;;;;;;;;;;
;;;;;;;;;;;;;;;;;;;;;;;;;
;;;;;;;;;;;;;;;;;;;;;;;;;
;;;;;;;;;;;;;;;;;;;;;;;;;
;;;;;;;;;;;;;;;;;;;;;;;;;
;;;;;;;;;;;;;;;;;;;;;;;;;
;;;;;;;;;;;;;;;;;;;;;;;;;
;;;;;;;;;;;;;;;;;;;;;;;;;
;;;;;;;;;;;;;;;;;;;;;;;;;
;;;;;;;;;;;;;;;;;;;;;;;;;
;;;;;;;;;;;;;;;;;;;;;;;;;
;;;;;;;;;;;;;;;;;;;;;;;;;
;;;;;;;;;;;;;;;;;;;;;;;;;
;;;;;;;;;;;;;;;;;;;;;;;;;
;;;;;;;;;;;;;;;;;;;;;;;;;
;;;;;;;;;;;;;;;;;;;;;;;;;
;;;;;;;;;;;;;;;;;;;;;;;;;
;;;;;;;;;;;;;;;;;;;;;;;;;
;;;;;;;;;;;;;;;;;;;;;;;;;
;;;;;;;;;;;;;;;;;;;;;;;;;
;;;;;;;;;;;;;;;;;;;;;;;;;
;;;;;;;;;;;;;;;;;;;;;;;;;
;;;;;;;;;;;;;;;;;;;;;;;;;
;;;;;;;;;;;;;;;;;;;;;;;;;
;;;;;;;;;;;;;;;;;;;;;;;;;
;;;;;;;;;;;;;;;;;;;;;;;;;
;;;;;;;;;;;;;;;;;;;;;;;;;
;;;;;;;;;;;;;;;;;;;;;;;;;
;;;;;;;;;;;;;;;;;;;;;;;;;
;;;;;;;;;;;;;;;;;;;;;;;;;
;;;;;;;;;;;;;;;;;;;;;;;;;
;;;;;;;;;;;;;;;;;;;;;;;;;
;;;;;;;;;;;;;;;;;;;;;;;;;
;;;;;;;;;;;;;;;;;;;;;;;;;
;;;;;;;;;;;;;;;;;;;;;;;;;
;;;;;;;;;;;;;;;;;;;;;;;;;
;;;;;;;;;;;;;;;;;;;;;;;;;
;;;;;;;;;;;;;;;;;;;;;;;;;
;;;;;;;;;;;;;;;;;;;;;;;;;
;;;;;;;;;;;;;;;;;;;;;;;;;
;;;;;;;;;;;;;;;;;;;;;;;;;
;;;;;;;;;;;;;;;;;;;;;;;;;
;;;;;;;;;;;;;;;;;;;;;;;;;
;;;;;;;;;;;;;;;;;;;;;;;;;
;;;;;;;;;;;;;;;;;;;;;;;;;
;;;;;;;;;;;;;;;;;;;;;;;;;
;;;;;;;;;;;;;;;;;;;;;;;;;
;;;;;;;;;;;;;;;;;;;;;;;;;
;;;;;;;;;;;;;;;;;;;;;;;;;
;;;;;;;;;;;;;;;;;;;;;;;;;
;;;;;;;;;;;;;;;;;;;;;;;;;
;;;;;;;;;;;;;;;;;;;;;;;;;
;;;;;;;;;;;;;;;;;;;;;;;;;
;;;;;;;;;;;;;;;;;;;;;;;;;
;;;;;;;;;;;;;;;;;;;;;;;;;
;;;;;;;;;;;;;;;;;;;;;;;;;
;;;;;;;;;;;;;;;;;;;;;;;;;
;;;;;;;;;;;;;;;;;;;;;;;;;
;;;;;;;;;;;;;;;;;;;;;;;;;
;;;;;;;;;;;;;;;;;;;;;;;;;
;;;;;;;;;;;;;;;;;;;;;;;;;
;;;;;;;;;;;;;;;;;;;;;;;;;
;;;;;;;;;;;;;;;;;;;;;;;;;
;;;;;;;;;;;;;;;;;;;;;;;;;
;;;;;;;;;;;;;;;;;;;;;;;;;
;;;;;;;;;;;;;;;;;;;;;;;;;
;;;;;;;;;;;;;;;;;;;;;;;;;
;;;;;;;;;;;;;;;;;;;;;;;;;
;;;;;;;;;;;;;;;;;;;;;;;;;
;;;;;;;;;;;;;;;;;;;;;;;;;
;;;;;;;;;;;;;;;;;;;;;;;;;
;;;;;;;;;;;;;;;;;;;;;;;;;
;;;;;;;;;;;;;;;;;;;;;;;;;
;;;;;;;;;;;;;;;;;;;;;;;;;
;;;;;;;;;;;;;;;;;;;;;;;;;
;;;;;;;;;;;;;;;;;;;;;;;;;
;;;;;;;;;;;;;;;;;;;;;;;;;
;;;;;;;;;;;;;;;;;;;;;;;;;
;;;;;;;;;;;;;;;;;;;;;;;;;
;;;;;;;;;;;;;;;;;;;;;;;;;
;;;;;;;;;;;;;;;;;;;;;;;;;
;;;;;;;;;;;;;;;;;;;;;;;;;
;;;;;;;;;;;;;;;;;;;;;;;;;
;;;;;;;;;;;;;;;;;;;;;;;;;
;;;;;;;;;;;;;;;;;;;;;;;;;
;;;;;;;;;;;;;;;;;;;;;;;;;
;;;;;;;;;;;;;;;;;;;;;;;;;
;;;;;;;;;;;;;;;;;;;;;;;;;
;;;;;;;;;;;;;;;;;;;;;;;;;
;;;;;;;;;;;;;;;;;;;;;;;;;
;;;;;;;;;;;;;;;;;;;;;;;;;
;;;;;;;;;;;;;;;;;;;;;;;;;
;;;;;;;;;;;;;;;;;;;;;;;;;
;;;;;;;;;;;;;;;;;;;;;;;;;
;;;;;;;;;;;;;;;;;;;;;;;;;
;;;;;;;;;;;;;;;;;;;;;;;;;
;;;;;;;;;;;;;;;;;;;;;;;;;
;;;;;;;;;;;;;;;;;;;;;;;;;
;;;;;;;;;;;;;;;;;;;;;;;;;
;;;;;;;;;;;;;;;;;;;;;;;;;
;;;;;;;;;;;;;;;;;;;;;;;;;
;;;;;;;;;;;;;;;;;;;;;;;;;
;;;;;;;;;;;;;;;;;;;;;;;;;
;;;;;;;;;;;;;;;;;;;;;;;;;
;;;;;;;;;;;;;;;;;;;;;;;;;
;;;;;;;;;;;;;;;;;;;;;;;;;
;;;;;;;;;;;;;;;;;;;;;;;;;
;;;;;;;;;;;;;;;;;;;;;;;;;
;;;;;;;;;;;;;;;;;;;;;;;;;
;;;;;;;;;;;;;;;;;;;;;;;;;
;;;;;;;;;;;;;;;;;;;;;;;;;
;;;;;;;;;;;;;;;;;;;;;;;;;
;;;;;;;;;;;;;;;;;;;;;;;;;
;;;;;;;;;;;;;;;;;;;;;;;;;
;;;;;;;;;;;;;;;;;;;;;;;;;
;;;;;;;;;;;;;;;;;;;;;;;;;
;;;;;;;;;;;;;;;;;;;;;;;;;
;;;;;;;;;;;;;;;;;;;;;;;;;
;;;;;;;;;;;;;;;;;;;;;;;;;
;;;;;;;;;;;;;;;;;;;;;;;;;
;;;;;;;;;;;;;;;;;;;;;;;;;
;;;;;;;;;;;;;;;;;;;;;;;;;
;;;;;;;;;;;;;;;;;;;;;;;;;
;;;;;;;;;;;;;;;;;;;;;;;;;
;;;;;;;;;;;;;;;;;;;;;;;;;
;;;;;;;;;;;;;;;;;;;;;;;;;
;;;;;;;;;;;;;;;;;;;;;;;;;
;;;;;;;;;;;;;;;;;;;;;;;;;
;;;;;;;;;;;;;;;;;;;;;;;;;
;;;;;;;;;;;;;;;;;;;;;;;;;
;;;;;;;;;;;;;;;;;;;;;;;;;
;;;;;;;;;;;;;;;;;;;;;;;;;
;;;;;;;;;;;;;;;;;;;;;;;;;
;;;;;;;;;;;;;;;;;;;;;;;;;
;;;;;;;;;;;;;;;;;;;;;;;;;
;;;;;;;;;;;;;;;;;;;;;;;;;
;;;;;;;;;;;;;;;;;;;;;;;;;
;;;;;;;;;;;;;;;;;;;;;;;;;
;;;;;;;;;;;;;;;;;;;;;;;;;
;;;;;;;;;;;;;;;;;;;;;;;;;
;;;;;;;;;;;;;;;;;;;;;;;;;
;;;;;;;;;;;;;;;;;;;;;;;;;
;;;;;;;;;;;;;;;;;;;;;;;;;
;;;;;;;;;;;;;;;;;;;;;;;;;
;;;;;;;;;;;;;;;;;;;;;;;;;
;;;;;;;;;;;;;;;;;;;;;;;;;
;;;;;;;;;;;;;;;;;;;;;;;;;
;;;;;;;;;;;;;;;;;;;;;;;;;
;;;;;;;;;;;;;;;;;;;;;;;;;
;;;;;;;;;;;;;;;;;;;;;;;;;
;;;;;;;;;;;;;;;;;;;;;;;;;
;;;;;;;;;;;;;;;;;;;;;;;;;
;;;;;;;;;;;;;;;;;;;;;;;;;
;;;;;;;;;;;;;;;;;;;;;;;;;
;;;;;;;;;;;;;;;;;;;;;;;;;
;;;;;;;;;;;;;;;;;;;;;;;;;
;;;;;;;;;;;;;;;;;;;;;;;;;
;;;;;;;;;;;;;;;;;;;;;;;;;
;;;;;;;;;;;;;;;;;;;;;;;;;
;;;;;;;;;;;;;;;;;;;;;;;;;
;;;;;;;;;;;;;;;;;;;;;;;;;
;;;;;;;;;;;;;;;;;;;;;;;;;
;;;;;;;;;;;;;;;;;;;;;;;;;
;;;;;;;;;;;;;;;;;;;;;;;;;
;;;;;;;;;;;;;;;;;;;;;;;;;
;;;;;;;;;;;;;;;;;;;;;;;;;
;;;;;;;;;;;;;;;;;;;;;;;;;
;;;;;;;;;;;;;;;;;;;;;;;;;
;;;;;;;;;;;;;;;;;;;;;;;;;
;;;;;;;;;;;;;;;;;;;;;;;;;
;;;;;;;;;;;;;;;;;;;;;;;;;
;;;;;;;;;;;;;;;;;;;;;;;;;
;;;;;;;;;;;;;;;;;;;;;;;;;
;;;;;;;;;;;;;;;;;;;;;;;;;
;;;;;;;;;;;;;;;;;;;;;;;;;
;;;;;;;;;;;;;;;;;;;;;;;;;
;;;;;;;;;;;;;;;;;;;;;;;;;
;;;;;;;;;;;;;;;;;;;;;;;;;
;;;;;;;;;;;;;;;;;;;;;;;;;
;;;;;;;;;;;;;;;;;;;;;;;;;
;;;;;;;;;;;;;;;;;;;;;;;;;
;;;;;;;;;;;;;;;;;;;;;;;;;
;;;;;;;;;;;;;;;;;;;;;;;;;
;;;;;;;;;;;;;;;;;;;;;;;;;
;;;;;;;;;;;;;;;;;;;;;;;;;
;;;;;;;;;;;;;;;;;;;;;;;;;
;;;;;;;;;;;;;;;;;;;;;;;;;
;;;;;;;;;;;;;;;;;;;;;;;;;
;;;;;;;;;;;;;;;;;;;;;;;;;
;;;;;;;;;;;;;;;;;;;;;;;;;
;;;;;;;;;;;;;;;;;;;;;;;;;
;;;;;;;;;;;;;;;;;;;;;;;;;
;;;;;;;;;;;;;;;;;;;;;;;;;
;;;;;;;;;;;;;;;;;;;;;;;;;
;;;;;;;;;;;;;;;;;;;;;;;;;
;;;;;;;;;;;;;;;;;;;;;;;;;
;;;;;;;;;;;;;;;;;;;;;;;;;
;;;;;;;;;;;;;;;;;;;;;;;;;
;;;;;;;;;;;;;;;;;;;;;;;;;
;;;;;;;;;;;;;;;;;;;;;;;;;
;;;;;;;;;;;;;;;;;;;;;;;;;
;;;;;;;;;;;;;;;;;;;;;;;;;
;;;;;;;;;;;;;;;;;;;;;;;;;
;;;;;;;;;;;;;;;;;;;;;;;;;
;;;;;;;;;;;;;;;;;;;;;;;;;
;;;;;;;;;;;;;;;;;;;;;;;;;
;;;;;;;;;;;;;;;;;;;;;;;;;
;;;;;;;;;;;;;;;;;;;;;;;;;
;;;;;;;;;;;;;;;;;;;;;;;;;
;;;;;;;;;;;;;;;;;;;;;;;;;
;;;;;;;;;;;;;;;;;;;;;;;;;
;;;;;;;;;;;;;;;;;;;;;;;;;
;;;;;;;;;;;;;;;;;;;;;;;;;
;;;;;;;;;;;;;;;;;;;;;;;;;
;;;;;;;;;;;;;;;;;;;;;;;;;
;;;;;;;;;;;;;;;;;;;;;;;;;
;;;;;;;;;;;;;;;;;;;;;;;;;
;;;;;;;;;;;;;;;;;;;;;;;;;
;;;;;;;;;;;;;;;;;;;;;;;;;
;;;;;;;;;;;;;;;;;;;;;;;;;
;;;;;;;;;;;;;;;;;;;;;;;;;
;;;;;;;;;;;;;;;;;;;;;;;;;
;;;;;;;;;;;;;;;;;;;;;;;;;
;;;;;;;;;;;;;;;;;;;;;;;;;
;;;;;;;;;;;;;;;;;;;;;;;;;
;;;;;;;;;;;;;;;;;;;;;;;;;
;;;;;;;;;;;;;;;;;;;;;;;;;
;;;;;;;;;;;;;;;;;;;;;;;;;
;;;;;;;;;;;;;;;;;;;;;;;;;
;;;;;;;;;;;;;;;;;;;;;;;;;
;;;;;;;;;;;;;;;;;;;;;;;;;
;;;;;;;;;;;;;;;;;;;;;;;;;
;;;;;;;;;;;;;;;;;;;;;;;;;
;;;;;;;;;;;;;;;;;;;;;;;;;
;;;;;;;;;;;;;;;;;;;;;;;;;
;;;;;;;;;;;;;;;;;;;;;;;;;
;;;;;;;;;;;;;;;;;;;;;;;;;
;;;;;;;;;;;;;;;;;;;;;;;;;
;;;;;;;;;;;;;;;;;;;;;;;;;
;;;;;;;;;;;;;;;;;;;;;;;;;
;;;;;;;;;;;;;;;;;;;;;;;;;
;;;;;;;;;;;;;;;;;;;;;;;;;
;;;;;;;;;;;;;;;;;;;;;;;;;
;;;;;;;;;;;;;;;;;;;;;;;;;
;;;;;;;;;;;;;;;;;;;;;;;;;
;;;;;;;;;;;;;;;;;;;;;;;;;
;;;;;;;;;;;;;;;;;;;;;;;;;
;;;;;;;;;;;;;;;;;;;;;;;;;
;;;;;;;;;;;;;;;;;;;;;;;;;
;;;;;;;;;;;;;;;;;;;;;;;;;
;;;;;;;;;;;;;;;;;;;;;;;;;
;;;;;;;;;;;;;;;;;;;;;;;;;
;;;;;;;;;;;;;;;;;;;;;;;;;
;;;;;;;;;;;;;;;;;;;;;;;;;
;;;;;;;;;;;;;;;;;;;;;;;;;
;;;;;;;;;;;;;;;;;;;;;;;;;
;;;;;;;;;;;;;;;;;;;;;;;;;
;;;;;;;;;;;;;;;;;;;;;;;;;
;;;;;;;;;;;;;;;;;;;;;;;;;
;;;;;;;;;;;;;;;;;;;;;;;;;
;;;;;;;;;;;;;;;;;;;;;;;;;
;;;;;;;;;;;;;;;;;;;;;;;;;
;;;;;;;;;;;;;;;;;;;;;;;;;
;;;;;;;;;;;;;;;;;;;;;;;;;
;;;;;;;;;;;;;;;;;;;;;;;;;
;;;;;;;;;;;;;;;;;;;;;;;;;
;;;;;;;;;;;;;;;;;;;;;;;;;
;;;;;;;;;;;;;;;;;;;;;;;;;
;;;;;;;;;;;;;;;;;;;;;;;;;
;;;;;;;;;;;;;;;;;;;;;;;;;
;;;;;;;;;;;;;;;;;;;;;;;;;
;;;;;;;;;;;;;;;;;;;;;;;;;
;;;;;;;;;;;;;;;;;;;;;;;;;
;;;;;;;;;;;;;;;;;;;;;;;;;
;;;;;;;;;;;;;;;;;;;;;;;;;
;;;;;;;;;;;;;;;;;;;;;;;;;
;;;;;;;;;;;;;;;;;;;;;;;;;
;;;;;;;;;;;;;;;;;;;;;;;;;
;;;;;;;;;;;;;;;;;;;;;;;;;
;;;;;;;;;;;;;;;;;;;;;;;;;
;;;;;;;;;;;;;;;;;;;;;;;;;
;;;;;;;;;;;;;;;;;;;;;;;;;
;;;;;;;;;;;;;;;;;;;;;;;;;
;;;;;;;;;;;;;;;;;;;;;;;;;
;;;;;;;;;;;;;;;;;;;;;;;;;
;;;;;;;;;;;;;;;;;;;;;;;;;
;;;;;;;;;;;;;;;;;;;;;;;;;
;;;;;;;;;;;;;;;;;;;;;;;;;
;;;;;;;;;;;;;;;;;;;;;;;;;
;;;;;;;;;;;;;;;;;;;;;;;;;
;;;;;;;;;;;;;;;;;;;;;;;;;
;;;;;;;;;;;;;;;;;;;;;;;;;
;;;;;;;;;;;;;;;;;;;;;;;;;
;;;;;;;;;;;;;;;;;;;;;;;;;
;;;;;;;;;;;;;;;;;;;;;;;;;
;;;;;;;;;;;;;;;;;;;;;;;;;
;;;;;;;;;;;;;;;;;;;;;;;;;
;;;;;;;;;;;;;;;;;;;;;;;;;
;;;;;;;;;;;;;;;;;;;;;;;;;
;;;;;;;;;;;;;;;;;;;;;;;;;
;;;;;;;;;;;;;;;;;;;;;;;;;
;;;;;;;;;;;;;;;;;;;;;;;;;
;;;;;;;;;;;;;;;;;;;;;;;;;
;;;;;;;;;;;;;;;;;;;;;;;;;
;;;;;;;;;;;;;;;;;;;;;;;;;
;;;;;;;;;;;;;;;;;;;;;;;;;
;;;;;;;;;;;;;;;;;;;;;;;;;
;;;;;;;;;;;;;;;;;;;;;;;;;
;;;;;;;;;;;;;;;;;;;;;;;;;
;;;;;;;;;;;;;;;;;;;;;;;;;
;;;;;;;;;;;;;;;;;;;;;;;;;
;;;;;;;;;;;;;;;;;;;;;;;;;
;;;;;;;;;;;;;;;;;;;;;;;;;
;;;;;;;;;;;;;;;;;;;;;;;;;
;;;;;;;;;;;;;;;;;;;;;;;;;
;;;;;;;;;;;;;;;;;;;;;;;;;
;;;;;;;;;;;;;;;;;;;;;;;;;
;;;;;;;;;;;;;;;;;;;;;;;;;
;;;;;;;;;;;;;;;;;;;;;;;;;
;;;;;;;;;;;;;;;;;;;;;;;;;
;;;;;;;;;;;;;;;;;;;;;;;;;
;;;;;;;;;;;;;;;;;;;;;;;;;
;;;;;;;;;;;;;;;;;;;;;;;;;
;;;;;;;;;;;;;;;;;;;;;;;;;
;;;;;;;;;;;;;;;;;;;;;;;;;
;;;;;;;;;;;;;;;;;;;;;;;;;
;;;;;;;;;;;;;;;;;;;;;;;;;
;;;;;;;;;;;;;;;;;;;;;;;;;
;;;;;;;;;;;;;;;;;;;;;;;;;
;;;;;;;;;;;;;;;;;;;;;;;;;
;;;;;;;;;;;;;;;;;;;;;;;;;
;;;;;;;;;;;;;;;;;;;;;;;;;
;;;;;;;;;;;;;;;;;;;;;;;;;
;;;;;;;;;;;;;;;;;;;;;;;;;
;;;;;;;;;;;;;;;;;;;;;;;;;
;;;;;;;;;;;;;;;;;;;;;;;;;
;;;;;;;;;;;;;;;;;;;;;;;;;
;;;;;;;;;;;;;;;;;;;;;;;;;
;;;;;;;;;;;;;;;;;;;;;;;;;
;;;;;;;;;;;;;;;;;;;;;;;;;
;;;;;;;;;;;;;;;;;;;;;;;;;
;;;;;;;;;;;;;;;;;;;;;;;;;
;;;;;;;;;;;;;;;;;;;;;;;;;
;;;;;;;;;;;;;;;;;;;;;;;;;
;;;;;;;;;;;;;;;;;;;;;;;;;
;;;;;;;;;;;;;;;;;;;;;;;;;
;;;;;;;;;;;;;;;;;;;;;;;;;
;;;;;;;;;;;;;;;;;;;;;;;;;
;;;;;;;;;;;;;;;;;;;;;;;;;
;;;;;;;;;;;;;;;;;;;;;;;;;
;;;;;;;;;;;;;;;;;;;;;;;;;
;;;;;;;;;;;;;;;;;;;;;;;;;
;;;;;;;;;;;;;;;;;;;;;;;;;
;;;;;;;;;;;;;;;;;;;;;;;;;
;;;;;;;;;;;;;;;;;;;;;;;;;
;;;;;;;;;;;;;;;;;;;;;;;;;
;;;;;;;;;;;;;;;;;;;;;;;;;
;;;;;;;;;;;;;;;;;;;;;;;;;
;;;;;;;;;;;;;;;;;;;;;;;;;
;;;;;;;;;;;;;;;;;;;;;;;;;
;;;;;;;;;;;;;;;;;;;;;;;;;
;;;;;;;;;;;;;;;;;;;;;;;;;
;;;;;;;;;;;;;;;;;;;;;;;;;
;;;;;;;;;;;;;;;;;;;;;;;;;
;;;;;;;;;;;;;;;;;;;;;;;;;
;;;;;;;;;;;;;;;;;;;;;;;;;
;;;;;;;;;;;;;;;;;;;;;;;;;
;;;;;;;;;;;;;;;;;;;;;;;;;
;;;;;;;;;;;;;;;;;;;;;;;;;
;;;;;;;;;;;;;;;;;;;;;;;;;
;;;;;;;;;;;;;;;;;;;;;;;;;
;;;;;;;;;;;;;;;;;;;;;;;;;
;;;;;;;;;;;;;;;;;;;;;;;;;
;;;;;;;;;;;;;;;;;;;;;;;;;
;;;;;;;;;;;;;;;;;;;;;;;;;
;;;;;;;;;;;;;;;;;;;;;;;;;
;;;;;;;;;;;;;;;;;;;;;;;;;
;;;;;;;;;;;;;;;;;;;;;;;;;
;;;;;;;;;;;;;;;;;;;;;;;;;
;;;;;;;;;;;;;;;;;;;;;;;;;
;;;;;;;;;;;;;;;;;;;;;;;;;
;;;;;;;;;;;;;;;;;;;;;;;;;
;;;;;;;;;;;;;;;;;;;;;;;;;
;;;;;;;;;;;;;;;;;;;;;;;;;
;;;;;;;;;;;;;;;;;;;;;;;;;
;;;;;;;;;;;;;;;;;;;;;;;;;
;;;;;;;;;;;;;;;;;;;;;;;;;
;;;;;;;;;;;;;;;;;;;;;;;;;
;;;;;;;;;;;;;;;;;;;;;;;;;
;;;;;;;;;;;;;;;;;;;;;;;;;
;;;;;;;;;;;;;;;;;;;;;;;;;
;;;;;;;;;;;;;;;;;;;;;;;;;
;;;;;;;;;;;;;;;;;;;;;;;;;
;;;;;;;;;;;;;;;;;;;;;;;;;
;;;;;;;;;;;;;;;;;;;;;;;;;
;;;;;;;;;;;;;;;;;;;;;;;;;
;;;;;;;;;;;;;;;;;;;;;;;;;
;;;;;;;;;;;;;;;;;;;;;;;;;
;;;;;;;;;;;;;;;;;;;;;;;;;
;;;;;;;;;;;;;;;;;;;;;;;;;
;;;;;;;;;;;;;;;;;;;;;;;;;
;;;;;;;;;;;;;;;;;;;;;;;;;
;;;;;;;;;;;;;;;;;;;;;;;;;
;;;;;;;;;;;;;;;;;;;;;;;;;
;;;;;;;;;;;;;;;;;;;;;;;;;
;;;;;;;;;;;;;;;;;;;;;;;;;
;;;;;;;;;;;;;;;;;;;;;;;;;
;;;;;;;;;;;;;;;;;;;;;;;;;
;;;;;;;;;;;;;;;;;;;;;;;;;
;;;;;;;;;;;;;;;;;;;;;;;;;
;;;;;;;;;;;;;;;;;;;;;;;;;
;;;;;;;;;;;;;;;;;;;;;;;;;
;;;;;;;;;;;;;;;;;;;;;;;;;
;;;;;;;;;;;;;;;;;;;;;;;;;
;;;;;;;;;;;;;;;;;;;;;;;;;
;;;;;;;;;;;;;;;;;;;;;;;;;
;;;;;;;;;;;;;;;;;;;;;;;;;
;;;;;;;;;;;;;;;;;;;;;;;;;
;;;;;;;;;;;;;;;;;;;;;;;;;
;;;;;;;;;;;;;;;;;;;;;;;;;
;;;;;;;;;;;;;;;;;;;;;;;;;
;;;;;;;;;;;;;;;;;;;;;;;;;
;;;;;;;;;;;;;;;;;;;;;;;;;
;;;;;;;;;;;;;;;;;;;;;;;;;
;;;;;;;;;;;;;;;;;;;;;;;;;
;;;;;;;;;;;;;;;;;;;;;;;;;
;;;;;;;;;;;;;;;;;;;;;;;;;
;;;;;;;;;;;;;;;;;;;;;;;;;
;;;;;;;;;;;;;;;;;;;;;;;;;
;;;;;;;;;;;;;;;;;;;;;;;;;
;;;;;;;;;;;;;;;;;;;;;;;;;
;;;;;;;;;;;;;;;;;;;;;;;;;
;;;;;;;;;;;;;;;;;;;;;;;;;
;;;;;;;;;;;;;;;;;;;;;;;;;
;;;;;;;;;;;;;;;;;;;;;;;;;
;;;;;;;;;;;;;;;;;;;;;;;;;
;;;;;;;;;;;;;;;;;;;;;;;;;
;;;;;;;;;;;;;;;;;;;;;;;;;
;;;;;;;;;;;;;;;;;;;;;;;;;
;;;;;;;;;;;;;;;;;;;;;;;;;
;;;;;;;;;;;;;;;;;;;;;;;;;
;;;;;;;;;;;;;;;;;;;;;;;;;
;;;;;;;;;;;;;;;;;;;;;;;;;
;;;;;;;;;;;;;;;;;;;;;;;;;
;;;;;;;;;;;;;;;;;;;;;;;;;
;;;;;;;;;;;;;;;;;;;;;;;;;
;;;;;;;;;;;;;;;;;;;;;;;;;
;;;;;;;;;;;;;;;;;;;;;;;;;
;;;;;;;;;;;;;;;;;;;;;;;;;
;;;;;;;;;;;;;;;;;;;;;;;;;
;;;;;;;;;;;;;;;;;;;;;;;;;
;;;;;;;;;;;;;;;;;;;;;;;;;
;;;;;;;;;;;;;;;;;;;;;;;;;
;;;;;;;;;;;;;;;;;;;;;;;;;
;;;;;;;;;;;;;;;;;;;;;;;;;
;;;;;;;;;;;;;;;;;;;;;;;;;
;;;;;;;;;;;;;;;;;;;;;;;;;
;;;;;;;;;;;;;;;;;;;;;;;;;
;;;;;;;;;;;;;;;;;;;;;;;;;
;;;;;;;;;;;;;;;;;;;;;;;;;
;;;;;;;;;;;;;;;;;;;;;;;;;
;;;;;;;;;;;;;;;;;;;;;;;;;
;;;;;;;;;;;;;;;;;;;;;;;;;
;;;;;;;;;;;;;;;;;;;;;;;;;
;;;;;;;;;;;;;;;;;;;;;;;;;
;;;;;;;;;;;;;;;;;;;;;;;;;
;;;;;;;;;;;;;;;;;;;;;;;;;
;;;;;;;;;;;;;;;;;;;;;;;;;
;;;;;;;;;;;;;;;;;;;;;;;;;
;;;;;;;;;;;;;;;;;;;;;;;;;
;;;;;;;;;;;;;;;;;;;;;;;;;
;;;;;;;;;;;;;;;;;;;;;;;;;
;;;;;;;;;;;;;;;;;;;;;;;;;
;;;;;;;;;;;;;;;;;;;;;;;;;
;;;;;;;;;;;;;;;;;;;;;;;;;
;;;;;;;;;;;;;;;;;;;;;;;;;
;;;;;;;;;;;;;;;;;;;;;;;;;
;;;;;;;;;;;;;;;;;;;;;;;;;
;;;;;;;;;;;;;;;;;;;;;;;;;
;;;;;;;;;;;;;;;;;;;;;;;;;
;;;;;;;;;;;;;;;;;;;;;;;;;
;;;;;;;;;;;;;;;;;;;;;;;;;
;;;;;;;;;;;;;;;;;;;;;;;;;
;;;;;;;;;;;;;;;;;;;;;;;;;
;;;;;;;;;;;;;;;;;;;;;;;;;
;;;;;;;;;;;;;;;;;;;;;;;;;
;;;;;;;;;;;;;;;;;;;;;;;;;
;;;;;;;;;;;;;;;;;;;;;;;;;
;;;;;;;;;;;;;;;;;;;;;;;;;
;;;;;;;;;;;;;;;;;;;;;;;;;
;;;;;;;;;;;;;;;;;;;;;;;;;
;;;;;;;;;;;;;;;;;;;;;;;;;
;;;;;;;;;;;;;;;;;;;;;;;;;
;;;;;;;;;;;;;;;;;;;;;;;;;
;;;;;;;;;;;;;;;;;;;;;;;;;
;;;;;;;;;;;;;;;;;;;;;;;;;
;;;;;;;;;;;;;;;;;;;;;;;;;
;;;;;;;;;;;;;;;;;;;;;;;;;
;;;;;;;;;;;;;;;;;;;;;;;;;
;;;;;;;;;;;;;;;;;;;;;;;;;
;;;;;;;;;;;;;;;;;;;;;;;;;
;;;;;;;;;;;;;;;;;;;;;;;;;
;;;;;;;;;;;;;;;;;;;;;;;;;
;;;;;;;;;;;;;;;;;;;;;;;;;
;;;;;;;;;;;;;;;;;;;;;;;;;
;;;;;;;;;;;;;;;;;;;;;;;;;
;;;;;;;;;;;;;;;;;;;;;;;;;
;;;;;;;;;;;;;;;;;;;;;;;;;
;;;;;;;;;;;;;;;;;;;;;;;;;
;;;;;;;;;;;;;;;;;;;;;;;;;
;;;;;;;;;;;;;;;;;;;;;;;;;
;;;;;;;;;;;;;;;;;;;;;;;;;
;;;;;;;;;;;;;;;;;;;;;;;;;
;;;;;;;;;;;;;;;;;;;;;;;;;
;;;;;;;;;;;;;;;;;;;;;;;;;
;;;;;;;;;;;;;;;;;;;;;;;;;
;;;;;;;;;;;;;;;;;;;;;;;;;
;;;;;;;;;;;;;;;;;;;;;;;;;
;;;;;;;;;;;;;;;;;;;;;;;;;
;;;;;;;;;;;;;;;;;;;;;;;;;
;;;;;;;;;;;;;;;;;;;;;;;;;
;;;;;;;;;;;;;;;;;;;;;;;;;
;;;;;;;;;;;;;;;;;;;;;;;;;
;;;;;;;;;;;;;;;;;;;;;;;;;
;;;;;;;;;;;;;;;;;;;;;;;;;
;;;;;;;;;;;;;;;;;;;;;;;;;
;;;;;;;;;;;;;;;;;;;;;;;;;
;;;;;;;;;;;;;;;;;;;;;;;;;
;;;;;;;;;;;;;;;;;;;;;;;;;
;;;;;;;;;;;;;;;;;;;;;;;;;
;;;;;;;;;;;;;;;;;;;;;;;;;
;;;;;;;;;;;;;;;;;;;;;;;;;
;;;;;;;;;;;;;;;;;;;;;;;;;
;;;;;;;;;;;;;;;;;;;;;;;;;
;;;;;;;;;;;;;;;;;;;;;;;;;
;;;;;;;;;;;;;;;;;;;;;;;;;
;;;;;;;;;;;;;;;;;;;;;;;;;
;;;;;;;;;;;;;;;;;;;;;;;;;
;;;;;;;;;;;;;;;;;;;;;;;;;
;;;;;;;;;;;;;;;;;;;;;;;;;
;;;;;;;;;;;;;;;;;;;;;;;;;
;;;;;;;;;;;;;;;;;;;;;;;;;
;;;;;;;;;;;;;;;;;;;;;;;;;
;;;;;;;;;;;;;;;;;;;;;;;;;
;;;;;;;;;;;;;;;;;;;;;;;;;
;;;;;;;;;;;;;;;;;;;;;;;;;
;;;;;;;;;;;;;;;;;;;;;;;;;
;;;;;;;;;;;;;;;;;;;;;;;;;
;;;;;;;;;;;;;;;;;;;;;;;;;
;;;;;;;;;;;;;;;;;;;;;;;;;
;;;;;;;;;;;;;;;;;;;;;;;;;
;;;;;;;;;;;;;;;;;;;;;;;;;
;;;;;;;;;;;;;;;;;;;;;;;;;
;;;;;;;;;;;;;;;;;;;;;;;;;
;;;;;;;;;;;;;;;;;;;;;;;;;
;;;;;;;;;;;;;;;;;;;;;;;;;
;;;;;;;;;;;;;;;;;;;;;;;;;
;;;;;;;;;;;;;;;;;;;;;;;;;
;;;;;;;;;;;;;;;;;;;;;;;;;
;;;;;;;;;;;;;;;;;;;;;;;;;
;;;;;;;;;;;;;;;;;;;;;;;;;
;;;;;;;;;;;;;;;;;;;;;;;;;
;;;;;;;;;;;;;;;;;;;;;;;;;
;;;;;;;;;;;;;;;;;;;;;;;;;
;;;;;;;;;;;;;;;;;;;;;;;;;
;;;;;;;;;;;;;;;;;;;;;;;;;
;;;;;;;;;;;;;;;;;;;;;;;;;
;;;;;;;;;;;;;;;;;;;;;;;;;
;;;;;;;;;;;;;;;;;;;;;;;;;
;;;;;;;;;;;;;;;;;;;;;;;;;
;;;;;;;;;;;;;;;;;;;;;;;;;
;;;;;;;;;;;;;;;;;;;;;;;;;
;;;;;;;;;;;;;;;;;;;;;;;;;
;;;;;;;;;;;;;;;;;;;;;;;;;
;;;;;;;;;;;;;;;;;;;;;;;;;
;;;;;;;;;;;;;;;;;;;;;;;;;
;;;;;;;;;;;;;;;;;;;;;;;;;
;;;;;;;;;;;;;;;;;;;;;;;;;
;;;;;;;;;;;;;;;;;;;;;;;;;
;;;;;;;;;;;;;;;;;;;;;;;;;
;;;;;;;;;;;;;;;;;;;;;;;;;
;;;;;;;;;;;;;;;;;;;;;;;;;
;;;;;;;;;;;;;;;;;;;;;;;;;
;;;;;;;;;;;;;;;;;;;;;;;;;
;;;;;;;;;;;;;;;;;;;;;;;;;
;;;;;;;;;;;;;;;;;;;;;;;;;
;;;;;;;;;;;;;;;;;;;;;;;;;
;;;;;;;;;;;;;;;;;;;;;;;;;
;;;;;;;;;;;;;;;;;;;;;;;;;
;;;;;;;;;;;;;;;;;;;;;;;;;
;;;;;;;;;;;;;;;;;;;;;;;;;
;;;;;;;;;;;;;;;;;;;;;;;;;
;;;;;;;;;;;;;;;;;;;;;;;;;
;;;;;;;;;;;;;;;;;;;;;;;;;
;;;;;;;;;;;;;;;;;;;;;;;;;
;;;;;;;;;;;;;;;;;;;;;;;;;
;;;;;;;;;;;;;;;;;;;;;;;;;
;;;;;;;;;;;;;;;;;;;;;;;;;
;;;;;;;;;;;;;;;;;;;;;;;;;
;;;;;;;;;;;;;;;;;;;;;;;;;
;;;;;;;;;;;;;;;;;;;;;;;;;
;;;;;;;;;;;;;;;;;;;;;;;;;
;;;;;;;;;;;;;;;;;;;;;;;;;
;;;;;;;;;;;;;;;;;;;;;;;;;
;;;;;;;;;;;;;;;;;;;;;;;;;
;;;;;;;;;;;;;;;;;;;;;;;;;
;;;;;;;;;;;;;;;;;;;;;;;;;
;;;;;;;;;;;;;;;;;;;;;;;;;
;;;;;;;;;;;;;;;;;;;;;;;;;
;;;;;;;;;;;;;;;;;;;;;;;;;
;;;;;;;;;;;;;;;;;;;;;;;;;
;;;;;;;;;;;;;;;;;;;;;;;;;
;;;;;;;;;;;;;;;;;;;;;;;;;
;;;;;;;;;;;;;;;;;;;;;;;;;
;;;;;;;;;;;;;;;;;;;;;;;;;
;;;;;;;;;;;;;;;;;;;;;;;;;
;;;;;;;;;;;;;;;;;;;;;;;;;
;;;;;;;;;;;;;;;;;;;;;;;;;
;;;;;;;;;;;;;;;;;;;;;;;;;
;;;;;;;;;;;;;;;;;;;;;;;;;
;;;;;;;;;;;;;;;;;;;;;;;;;
;;;;;;;;;;;;;;;;;;;;;;;;;
;;;;;;;;;;;;;;;;;;;;;;;;;
;;;;;;;;;;;;;;;;;;;;;;;;;
;;;;;;;;;;;;;;;;;;;;;;;;;
;;;;;;;;;;;;;;;;;;;;;;;;;
;;;;;;;;;;;;;;;;;;;;;;;;;
;;;;;;;;;;;;;;;;;;;;;;;;;
;;;;;;;;;;;;;;;;;;;;;;;;;
;;;;;;;;;;;;;;;;;;;;;;;;;
;;;;;;;;;;;;;;;;;;;;;;;;;
;;;;;;;;;;;;;;;;;;;;;;;;;
;;;;;;;;;;;;;;;;;;;;;;;;;
;;;;;;;;;;;;;;;;;;;;;;;;;
;;;;;;;;;;;;;;;;;;;;;;;;;
;;;;;;;;;;;;;;;;;;;;;;;;;
;;;;;;;;;;;;;;;;;;;;;;;;;
;;;;;;;;;;;;;;;;;;;;;;;;;
;;;;;;;;;;;;;;;;;;;;;;;;;
;;;;;;;;;;;;;;;;;;;;;;;;;
;;;;;;;;;;;;;;;;;;;;;;;;;
;;;;;;;;;;;;;;;;;;;;;;;;;
;;;;;;;;;;;;;;;;;;;;;;;;;
;;;;;;;;;;;;;;;;;;;;;;;;;
;;;;;;;;;;;;;;;;;;;;;;;;;
;;;;;;;;;;;;;;;;;;;;;;;;;
;;;;;;;;;;;;;;;;;;;;;;;;;
;;;;;;;;;;;;;;;;;;;;;;;;;
;;;;;;;;;;;;;;;;;;;;;;;;;
;;;;;;;;;;;;;;;;;;;;;;;;;
;;;;;;;;;;;;;;;;;;;;;;;;;
;;;;;;;;;;;;;;;;;;;;;;;;;
;;;;;;;;;;;;;;;;;;;;;;;;;
;;;;;;;;;;;;;;;;;;;;;;;;;
;;;;;;;;;;;;;;;;;;;;;;;;;
;;;;;;;;;;;;;;;;;;;;;;;;;
;;;;;;;;;;;;;;;;;;;;;;;;;
;;;;;;;;;;;;;;;;;;;;;;;;;
;;;;;;;;;;;;;;;;;;;;;;;;;
;;;;;;;;;;;;;;;;;;;;;;;;;
;;;;;;;;;;;;;;;;;;;;;;;;;
;;;;;;;;;;;;;;;;;;;;;;;;;
;;;;;;;;;;;;;;;;;;;;;;;;;
;;;;;;;;;;;;;;;;;;;;;;;;;
;;;;;;;;;;;;;;;;;;;;;;;;;
;;;;;;;;;;;;;;;;;;;;;;;;;
;;;;;;;;;;;;;;;;;;;;;;;;;
;;;;;;;;;;;;;;;;;;;;;;;;;
;;;;;;;;;;;;;;;;;;;;;;;;;
;;;;;;;;;;;;;;;;;;;;;;;;;
;;;;;;;;;;;;;;;;;;;;;;;;;
;;;;;;;;;;;;;;;;;;;;;;;;;
;;;;;;;;;;;;;;;;;;;;;;;;;
;;;;;;;;;;;;;;;;;;;;;;;;;
;;;;;;;;;;;;;;;;;;;;;;;;;
;;;;;;;;;;;;;;;;;;;;;;;;;
;;;;;;;;;;;;;;;;;;;;;;;;;
;;;;;;;;;;;;;;;;;;;;;;;;;
;;;;;;;;;;;;;;;;;;;;;;;;;
;;;;;;;;;;;;;;;;;;;;;;;;;
;;;;;;;;;;;;;;;;;;;;;;;;;
;;;;;;;;;;;;;;;;;;;;;;;;;
;;;;;;;;;;;;;;;;;;;;;;;;;
;;;;;;;;;;;;;;;;;;;;;;;;;
;;;;;;;;;;;;;;;;;;;;;;;;;
;;;;;;;;;;;;;;;;;;;;;;;;;
;;;;;;;;;;;;;;;;;;;;;;;;;
;;;;;;;;;;;;;;;;;;;;;;;;;
;;;;;;;;;;;;;;;;;;;;;;;;;
;;;;;;;;;;;;;;;;;;;;;;;;;
;;;;;;;;;;;;;;;;;;;;;;;;;
;;;;;;;;;;;;;;;;;;;;;;;;;
;;;;;;;;;;;;;;;;;;;;;;;;;
;;;;;;;;;;;;;;;;;;;;;;;;;
;;;;;;;;;;;;;;;;;;;;;;;;;
;;;;;;;;;;;;;;;;;;;;;;;;;
;;;;;;;;;;;;;;;;;;;;;;;;;
;;;;;;;;;;;;;;;;;;;;;;;;;
;;;;;;;;;;;;;;;;;;;;;;;;;
;;;;;;;;;;;;;;;;;;;;;;;;;
;;;;;;;;;;;;;;;;;;;;;;;;;
;;;;;;;;;;;;;;;;;;;;;;;;;
;;;;;;;;;;;;;;;;;;;;;;;;;
;;;;;;;;;;;;;;;;;;;;;;;;;
;;;;;;;;;;;;;;;;;;;;;;;;;
;;;;;;;;;;;;;;;;;;;;;;;;;
;;;;;;;;;;;;;;;;;;;;;;;;;
;;;;;;;;;;;;;;;;;;;;;;;;;
;;;;;;;;;;;;;;;;;;;;;;;;;
;;;;;;;;;;;;;;;;;;;;;;;;;
;;;;;;;;;;;;;;;;;;;;;;;;;
;;;;;;;;;;;;;;;;;;;;;;;;;
;;;;;;;;;;;;;;;;;;;;;;;;;
;;;;;;;;;;;;;;;;;;;;;;;;;
;;;;;;;;;;;;;;;;;;;;;;;;;
;;;;;;;;;;;;;;;;;;;;;;;;;
;;;;;;;;;;;;;;;;;;;;;;;;;
;;;;;;;;;;;;;;;;;;;;;;;;;
;;;;;;;;;;;;;;;;;;;;;;;;;
;;;;;;;;;;;;;;;;;;;;;;;;;
;;;;;;;;;;;;;;;;;;;;;;;;;
;;;;;;;;;;;;;;;;;;;;;;;;;
;;;;;;;;;;;;;;;;;;;;;;;;;
;;;;;;;;;;;;;;;;;;;;;;;;;
;;;;;;;;;;;;;;;;;;;;;;;;;
;;;;;;;;;;;;;;;;;;;;;;;;;
;;;;;;;;;;;;;;;;;;;;;;;;;
;;;;;;;;;;;;;;;;;;;;;;;;;
;;;;;;;;;;;;;;;;;;;;;;;;;
;;;;;;;;;;;;;;;;;;;;;;;;;
;;;;;;;;;;;;;;;;;;;;;;;;;
;;;;;;;;;;;;;;;;;;;;;;;;;
;;;;;;;;;;;;;;;;;;;;;;;;;
;;;;;;;;;;;;;;;;;;;;;;;;;
;;;;;;;;;;;;;;;;;;;;;;;;;
;;;;;;;;;;;;;;;;;;;;;;;;;
;;;;;;;;;;;;;;;;;;;;;;;;;
;;;;;;;;;;;;;;;;;;;;;;;;;
;;;;;;;;;;;;;;;;;;;;;;;;;
;;;;;;;;;;;;;;;;;;;;;;;;;
;;;;;;;;;;;;;;;;;;;;;;;;;
;;;;;;;;;;;;;;;;;;;;;;;;;
;;;;;;;;;;;;;;;;;;;;;;;;;
;;;;;;;;;;;;;;;;;;;;;;;;;
;;;;;;;;;;;;;;;;;;;;;;;;;
;;;;;;;;;;;;;;;;;;;;;;;;;
;;;;;;;;;;;;;;;;;;;;;;;;;
;;;;;;;;;;;;;;;;;;;;;;;;;
;;;;;;;;;;;;;;;;;;;;;;;;;
;;;;;;;;;;;;;;;;;;;;;;;;;
;;;;;;;;;;;;;;;;;;;;;;;;;
;;;;;;;;;;;;;;;;;;;;;;;;;
;;;;;;;;;;;;;;;;;;;;;;;;;
;;;;;;;;;;;;;;;;;;;;;;;;;
;;;;;;;;;;;;;;;;;;;;;;;;;
;;;;;;;;;;;;;;;;;;;;;;;;;
;;;;;;;;;;;;;;;;;;;;;;;;;
;;;;;;;;;;;;;;;;;;;;;;;;;
;;;;;;;;;;;;;;;;;;;;;;;;;
;;;;;;;;;;;;;;;;;;;;;;;;;
;;;;;;;;;;;;;;;;;;;;;;;;;
;;;;;;;;;;;;;;;;;;;;;;;;;
;;;;;;;;;;;;;;;;;;;;;;;;;
;;;;;;;;;;;;;;;;;;;;;;;;;
;;;;;;;;;;;;;;;;;;;;;;;;;
;;;;;;;;;;;;;;;;;;;;;;;;;
;;;;;;;;;;;;;;;;;;;;;;;;;
;;;;;;;;;;;;;;;;;;;;;;;;;
;;;;;;;;;;;;;;;;;;;;;;;;;
;;;;;;;;;;;;;;;;;;;;;;;;;
;;;;;;;;;;;;;;;;;;;;;;;;;
;;;;;;;;;;;;;;;;;;;;;;;;;
;;;;;;;;;;;;;;;;;;;;;;;;;
;;;;;;;;;;;;;;;;;;;;;;;;;
;;;;;;;;;;;;;;;;;;;;;;;;;
;;;;;;;;;;;;;;;;;;;;;;;;;
;;;;;;;;;;;;;;;;;;;;;;;;;
;;;;;;;;;;;;;;;;;;;;;;;;;
;;;;;;;;;;;;;;;;;;;;;;;;;
;;;;;;;;;;;;;;;;;;;;;;;;;
;;;;;;;;;;;;;;;;;;;;;;;;;
;;;;;;;;;;;;;;;;;;;;;;;;;
;;;;;;;;;;;;;;;;;;;;;;;;;
;;;;;;;;;;;;;;;;;;;;;;;;;
;;;;;;;;;;;;;;;;;;;;;;;;;
;;;;;;;;;;;;;;;;;;;;;;;;;
;;;;;;;;;;;;;;;;;;;;;;;;;
;;;;;;;;;;;;;;;;;;;;;;;;;
;;;;;;;;;;;;;;;;;;;;;;;;;
;;;;;;;;;;;;;;;;;;;;;;;;;
;;;;;;;;;;;;;;;;;;;;;;;;;
;;;;;;;;;;;;;;;;;;;;;;;;;
;;;;;;;;;;;;;;;;;;;;;;;;;
;;;;;;;;;;;;;;;;;;;;;;;;;
;;;;;;;;;;;;;;;;;;;;;;;;;
;;;;;;;;;;;;;;;;;;;;;;;;;
;;;;;;;;;;;;;;;;;;;;;;;;;
;;;;;;;;;;;;;;;;;;;;;;;;;
;;;;;;;;;;;;;;;;;;;;;;;;;
;;;;;;;;;;;;;;;;;;;;;;;;;
;;;;;;;;;;;;;;;;;;;;;;;;;
;;;;;;;;;;;;;;;;;;;;;;;;;
;;;;;;;;;;;;;;;;;;;;;;;;;
;;;;;;;;;;;;;;;;;;;;;;;;;
;;;;;;;;;;;;;;;;;;;;;;;;;
;;;;;;;;;;;;;;;;;;;;;;;;;
;;;;;;;;;;;;;;;;;;;;;;;;;
;;;;;;;;;;;;;;;;;;;;;;;;;
;;;;;;;;;;;;;;;;;;;;;;;;;
;;;;;;;;;;;;;;;;;;;;;;;;;
;;;;;;;;;;;;;;;;;;;;;;;;;
;;;;;;;;;;;;;;;;;;;;;;;;;
;;;;;;;;;;;;;;;;;;;;;;;;;
;;;;;;;;;;;;;;;;;;;;;;;;;
;;;;;;;;;;;;;;;;;;;;;;;;;
;;;;;;;;;;;;;;;;;;;;;;;;;
;;;;;;;;;;;;;;;;;;;;;;;;;
;;;;;;;;;;;;;;;;;;;;;;;;;
;;;;;;;;;;;;;;;;;;;;;;;;;
;;;;;;;;;;;;;;;;;;;;;;;;;
;;;;;;;;;;;;;;;;;;;;;;;;;
;;;;;;;;;;;;;;;;;;;;;;;;;
;;;;;;;;;;;;;;;;;;;;;;;;;
;;;;;;;;;;;;;;;;;;;;;;;;;
;;;;;;;;;;;;;;;;;;;;;;;;;
;;;;;;;;;;;;;;;;;;;;;;;;;
;;;;;;;;;;;;;;;;;;;;;;;;;
;;;;;;;;;;;;;;;;;;;;;;;;;
;;;;;;;;;;;;;;;;;;;;;;;;;
;;;;;;;;;;;;;;;;;;;;;;;;;
;;;;;;;;;;;;;;;;;;;;;;;;;
;;;;;;;;;;;;;;;;;;;;;;;;;
;;;;;;;;;;;;;;;;;;;;;;;;;
;;;;;;;;;;;;;;;;;;;;;;;;;
;;;;;;;;;;;;;;;;;;;;;;;;;
;;;;;;;;;;;;;;;;;;;;;;;;;
;;;;;;;;;;;;;;;;;;;;;;;;;
;;;;;;;;;;;;;;;;;;;;;;;;;
;;;;;;;;;;;;;;;;;;;;;;;;;
;;;;;;;;;;;;;;;;;;;;;;;;;
;;;;;;;;;;;;;;;;;;;;;;;;;
;;;;;;;;;;;;;;;;;;;;;;;;;
;;;;;;;;;;;;;;;;;;;;;;;;;
;;;;;;;;;;;;;;;;;;;;;;;;;
;;;;;;;;;;;;;;;;;;;;;;;;;
;;;;;;;;;;;;;;;;;;;;;;;;;
;;;;;;;;;;;;;;;;;;;;;;;;;
;;;;;;;;;;;;;;;;;;;;;;;;;
;;;;;;;;;;;;;;;;;;;;;;;;;
;;;;;;;;;;;;;;;;;;;;;;;;;
;;;;;;;;;;;;;;;;;;;;;;;;;
;;;;;;;;;;;;;;;;;;;;;;;;;
;;;;;;;;;;;;;;;;;;;;;;;;;
;;;;;;;;;;;;;;;;;;;;;;;;;
;;;;;;;;;;;;;;;;;;;;;;;;;
;;;;;;;;;;;;;;;;;;;;;;;;;